{"timestamp":"2026-08-14T11:09:27.076Z","level":"info","message":"File logging initialized at C:\\Users\\PC\\.kiro\\logs\\20260814T110926966"}
{"timestamp":"2026-08-14T11:09:27.076Z","level":"info","message":"Initializing persistence at C:\\Users\\PC\\.kiro\\sessions"}
{"timestamp":"2026-08-14T11:09:27.087Z","level":"info","message":"[SessionPersistence] Initialized persistence at C:\\Users\\PC\\.kiro\\sessions"}
{"timestamp":"2026-08-14T11:09:27.088Z","level":"info","message":"Persistence initialized"}
{"timestamp":"2026-08-14T11:09:27.092Z","level":"info","message":"[AgentTelemetry] Initialized {\"endpoint\":\"https://prod.us-east-1.telemetry.desktop.kiro.dev\",\"serviceName\":\"kiroAgent\"}"}
{"timestamp":"2026-08-14T11:09:27.092Z","level":"info","message":"[KiroAgent] Remote MCP client initialized"}
{"timestamp":"2026-08-14T11:09:27.092Z","level":"info","message":"[KiroAgent] remote-tools-discovery.create {\"client\":\"kiro-ide\"}"}
{"timestamp":"2026-08-14T11:09:27.111Z","level":"info","message":"[KiroAgent] Cleared stale task execution statuses"}
{"timestamp":"2026-08-14T11:09:27.111Z","level":"info","message":"[KiroAgent] Platform initialized"}
{"timestamp":"2026-08-14T11:09:27.111Z","level":"info","message":"[KiroAgent] Resolved capabilities: {\"fsReadTextFile\":true,\"fsWriteTextFile\":true,\"kiroFsReadFile\":true,\"kiroFsWriteFile\":true,\"kiroFsStat\":true,\"kiroFsReadDirectory\":true,\"kiroFsDelete\":true,\"terminal\":true,\"secretStorage\":true,\"openExternalUrl\":true,\"knowledge\":false,\"infrastructureSafety\":true,\"c2sViews\":true,\"textSearch\":true,\"findFiles\":true}"}
{"timestamp":"2026-08-14T11:09:27.111Z","level":"info","message":"[RemoteToolsDiscovery] Fetching available Remote tools"}
{"timestamp":"2026-08-14T11:09:27.111Z","level":"info","message":"[KiroAgent] Client supports ACP secret storage"}
{"timestamp":"2026-08-14T11:09:27.112Z","level":"info","message":"[KiroAgent] Client supports ACP openExternalUrl"}
{"timestamp":"2026-08-14T11:09:27.112Z","level":"info","message":"[KiroAgent] Stored clientInfo.name {\"reportedClientName\":\"kiro-ide\",\"clientAttribution\":\"kiro-ide\",\"client\":\"kiro-ide\"}"}
{"timestamp":"2026-08-14T11:09:27.113Z","level":"info","message":"[KiroAgent] v2 hooks cache initialized (hooks load at session start)"}
{"timestamp":"2026-08-14T11:09:27.113Z","level":"info","message":"Handshake: returning logging config with 3 channels at C:\\Users\\PC\\.kiro\\logs\\20260814T110926966"}
{"timestamp":"2026-08-14T11:09:27.176Z","level":"info","message":"[KiroAgent] v2 hooks loaded 0 standalone hooks from .kiro/hooks/"}
{"timestamp":"2026-08-14T11:09:27.176Z","level":"info","message":"fs.hooksReload.ok {\"system\":\"fs\",\"durationMs\":52}"}
{"timestamp":"2026-08-14T11:09:27.181Z","level":"info","message":"[KiroAgent] _kiro/mcp/toggle: enabled=true"}
{"timestamp":"2026-08-14T11:09:28.093Z","level":"info","message":"[RemoteToolsDiscovery] Fetching available Remote tools"}
{"timestamp":"2026-08-14T11:09:28.235Z","level":"info","message":"[RemoteToolsDiscovery] Discovered 5 Remote tools"}
{"timestamp":"2026-08-14T11:09:28.279Z","level":"info","message":"network.getFeatureConfiguration.ok {\"system\":\"network\",\"durationMs\":1148}"}
{"timestamp":"2026-08-14T11:09:28.279Z","level":"info","message":"[ExperimentConfigService] Resolved {\"origin\":\"AI_EDITOR\",\"version\":\"1.0.288\",\"keyCount\":3}"}
{"timestamp":"2026-08-14T11:09:29.214Z","level":"info","message":"[RemoteToolsDiscovery] Discovered 1 Remote tools"}
{"timestamp":"2026-08-14T11:10:39.241Z","level":"info","message":"[KiroAgent] ACP session/new sessionId=sess_d44ec850-c718-405e-8d54-157c4b469284 modeId=vibe idempotent=false"}
{"timestamp":"2026-08-14T11:10:39.244Z","level":"info","message":"fs.loadSession.ok {\"system\":\"fs\",\"sessionId\":\"sess_d44ec850-c718-405e-8d54-157c4b469284\",\"durationMs\":3}"}
{"timestamp":"2026-08-14T11:10:39.270Z","level":"info","message":"fs.loadSession.ok {\"system\":\"fs\",\"sessionId\":\"sess_d44ec850-c718-405e-8d54-157c4b469284\",\"durationMs\":26}"}
{"timestamp":"2026-08-14T11:10:39.275Z","level":"info","message":"[GovernanceService] Resolved {\"enterprise\":false,\"provider\":\"BuilderId\",\"profileArn\":\"arn:aws:codewhisperer:us-east-1:638616132270:profile/AAAACCCCXXXX\",\"controlPlaneEndpoint\":\"(none)\",\"mcpDisabled\":false,\"mcpReason\":\"admin_disabled\",\"webToolsDisabled\":false,\"autonomousAgentsDisabled\":false,\"disabledReason\":\"(none)\",\"registryUrl\":\"(none)\",\"catalogSize\":0}"}
{"timestamp":"2026-08-14T11:10:39.278Z","level":"info","message":"cloudConfig.entitlement.decided {\"verdict\":\"granted\"}"}
{"timestamp":"2026-08-14T11:10:39.279Z","level":"info","message":"[KiroAgent] _kiro/mcp/toggle: enabled=true"}
{"timestamp":"2026-08-14T11:10:39.279Z","level":"info","message":"[KiroAgent] v2 hooks loaded 0 standalone hooks from .kiro/hooks/"}
{"timestamp":"2026-08-14T11:10:39.280Z","level":"info","message":"fs.hooksReload.ok {\"system\":\"fs\",\"durationMs\":1}"}
{"timestamp":"2026-08-14T11:10:39.291Z","level":"info","message":"fs.loadAgentProfiles.ok {\"system\":\"fs\",\"scope\":\"user\",\"durationMs\":1}"}
{"timestamp":"2026-08-14T11:10:39.292Z","level":"info","message":"fs.loadAgentProfiles.ok {\"system\":\"fs\",\"scope\":\"workspace\",\"durationMs\":0}"}
{"timestamp":"2026-08-14T11:10:39.663Z","level":"info","message":"policy.session.presets_seeded {\"sessionId\":\"sess_d44ec850-c718-405e-8d54-157c4b469284\",\"presets\":[\"edit-workspace\"]}"}
{"timestamp":"2026-08-14T11:10:39.665Z","level":"info","message":"[AdapterFactory] read=ACP, write=ACP, stat=ACP, readDir=ACP, delete=ACP, terminal=ACP"}
{"timestamp":"2026-08-14T11:10:39.665Z","level":"info","message":"[WorkspaceConnection] clientTools=3, hasClientIOTools=false, injectedFs=false, injectedTerminal=false"}
{"timestamp":"2026-08-14T11:10:39.669Z","level":"info","message":"[ActivityLogPublisher] Publishing to https://runtime.us-east-1.kiro.dev"}
{"timestamp":"2026-08-14T11:10:39.669Z","level":"info","message":"[KiroAgent] Skipping global context fetch (remoteMCPClient=true, executionEnvironment=local)"}
{"timestamp":"2026-08-14T11:10:39.670Z","level":"info","message":"[KiroAgent] Saving session sess_d44ec850-c718-405e-8d54-157c4b469284 to C:\\Users\\PC\\.kiro\\sessions"}
{"timestamp":"2026-08-14T11:10:39.671Z","level":"info","message":"fs.powers.scan.ok {\"system\":\"fs\",\"baseCount\":2,\"trigger\":\"warm\",\"durationMs\":1}"}
{"timestamp":"2026-08-14T11:10:39.678Z","level":"info","message":"[KiroAgent] _kiro/mcp/toggle: enabled=true"}
{"timestamp":"2026-08-14T11:10:39.686Z","level":"info","message":"fs.saveSession.ok {\"system\":\"fs\",\"sessionId\":\"sess_d44ec850-c718-405e-8d54-157c4b469284\",\"messageCount\":0,\"durationMs\":16}"}
{"timestamp":"2026-08-14T11:10:39.686Z","level":"info","message":"[KiroAgent] Session sess_d44ec850-c718-405e-8d54-157c4b469284 saved successfully"}
{"timestamp":"2026-08-14T11:10:39.692Z","level":"info","message":"session.new.total {\"sessionId\":\"sess_d44ec850-c718-405e-8d54-157c4b469284\",\"outcome\":\"resolved\",\"durationMs\":452}"}
{"timestamp":"2026-08-14T11:10:39.921Z","level":"info","message":"[KiroAgent] ACP session/load sessionId=sess_d44ec850-c718-405e-8d54-157c4b469284"}
{"timestamp":"2026-08-14T11:10:39.925Z","level":"info","message":"fs.loadSession.ok {\"system\":\"fs\",\"sessionId\":\"sess_d44ec850-c718-405e-8d54-157c4b469284\",\"durationMs\":3}"}
{"timestamp":"2026-08-14T11:10:39.928Z","level":"info","message":"[KiroAgent] ACP session/load complete sessionId=sess_d44ec850-c718-405e-8d54-157c4b469284 messages=0 at=2026-08-14T11:10:39.928Z"}
{"timestamp":"2026-08-14T11:10:41.022Z","level":"info","message":"network.listAvailableModels.ok {\"system\":\"network\",\"durationMs\":1782}"}
{"timestamp":"2026-08-14T11:10:41.023Z","level":"info","message":"[ACPModelConfigProvider] Loaded 9 models"}
{"timestamp":"2026-08-14T11:11:05.353Z","level":"info","message":"[KiroAgent] ACP session/prompt sessionId=sess_d44ec850-c718-405e-8d54-157c4b469284"}
{"timestamp":"2026-08-14T11:11:05.357Z","level":"info","message":"fs.appendMessages.ok {\"system\":\"fs\",\"sessionId\":\"sess_d44ec850-c718-405e-8d54-157c4b469284\",\"messageCount\":1,\"durationMs\":3}"}
{"timestamp":"2026-08-14T11:11:05.360Z","level":"info","message":"session.model.pinned {\"sessionId\":\"sess_d44ec850-c718-405e-8d54-157c4b469284\",\"modelId\":\"auto\"}"}
{"timestamp":"2026-08-14T11:11:05.363Z","level":"info","message":"agent_controller.triggered {\"agentType\":\"chat-agent\",\"autonomyMode\":\"Autopilot\",\"modelId\":\"auto\"}","conversationId":"sess_d44ec850-c718-405e-8d54-157c4b469284"}
{"timestamp":"2026-08-14T11:11:05.365Z","level":"info","message":"[ACPEventAdapter] Execution began {\"executionId\":\"9e2cd18a-90eb-4d94-a87f-904630dfe240\"}","conversationId":"sess_d44ec850-c718-405e-8d54-157c4b469284","turnId":"9e2cd18a-90eb-4d94-a87f-904630dfe240","rootTurnId":"9e2cd18a-90eb-4d94-a87f-904630dfe240"}
{"timestamp":"2026-08-14T11:11:05.369Z","level":"info","message":"[SessionPersistence] Updated metadata for session sess_d44ec850-c718-405e-8d54-157c4b469284"}
{"timestamp":"2026-08-14T11:11:05.370Z","level":"info","message":"[SessionPersistence] Updated metadata for session sess_d44ec850-c718-405e-8d54-157c4b469284"}
{"timestamp":"2026-08-14T11:11:05.371Z","level":"info","message":"fs.appendMessages.ok {\"system\":\"fs\",\"sessionId\":\"sess_d44ec850-c718-405e-8d54-157c4b469284\",\"messageCount\":1,\"durationMs\":6}","conversationId":"sess_d44ec850-c718-405e-8d54-157c4b469284","turnId":"9e2cd18a-90eb-4d94-a87f-904630dfe240","rootTurnId":"9e2cd18a-90eb-4d94-a87f-904630dfe240"}
{"timestamp":"2026-08-14T11:11:05.378Z","level":"info","message":"[SessionPersistence] Updated metadata for session sess_d44ec850-c718-405e-8d54-157c4b469284","conversationId":"sess_d44ec850-c718-405e-8d54-157c4b469284","turnId":"9e2cd18a-90eb-4d94-a87f-904630dfe240","rootTurnId":"9e2cd18a-90eb-4d94-a87f-904630dfe240"}
{"timestamp":"2026-08-14T11:11:05.397Z","level":"info","message":"[AgentIterator] Checking for intent overrides","conversationId":"sess_d44ec850-c718-405e-8d54-157c4b469284","turnId":"9e2cd18a-90eb-4d94-a87f-904630dfe240","rootTurnId":"9e2cd18a-90eb-4d94-a87f-904630dfe240"}
{"timestamp":"2026-08-14T11:11:05.399Z","level":"info","message":"[AgentIterator] Detecting intent","conversationId":"sess_d44ec850-c718-405e-8d54-157c4b469284","turnId":"9e2cd18a-90eb-4d94-a87f-904630dfe240","rootTurnId":"9e2cd18a-90eb-4d94-a87f-904630dfe240"}
{"timestamp":"2026-08-14T11:11:05.399Z","level":"info","message":"[INTENT_DETECTION] Prompt input mode, skipping intent detection","conversationId":"sess_d44ec850-c718-405e-8d54-157c4b469284","turnId":"9e2cd18a-90eb-4d94-a87f-904630dfe240","rootTurnId":"9e2cd18a-90eb-4d94-a87f-904630dfe240"}
{"timestamp":"2026-08-14T11:11:05.400Z","level":"info","message":"[AgentIterator] Parallel invoking agent","conversationId":"sess_d44ec850-c718-405e-8d54-157c4b469284","turnId":"9e2cd18a-90eb-4d94-a87f-904630dfe240","rootTurnId":"9e2cd18a-90eb-4d94-a87f-904630dfe240"}
{"timestamp":"2026-08-14T11:11:05.400Z","level":"info","message":"[Steering] Populating steering for execution 9e2cd18a-90eb-4d94-a87f-904630dfe240","conversationId":"sess_d44ec850-c718-405e-8d54-157c4b469284","turnId":"9e2cd18a-90eb-4d94-a87f-904630dfe240","rootTurnId":"9e2cd18a-90eb-4d94-a87f-904630dfe240"}
{"timestamp":"2026-08-14T11:11:05.400Z","level":"info","message":"[Steering] ExistingFiles:  in 9e2cd18a-90eb-4d94-a87f-904630dfe240","conversationId":"sess_d44ec850-c718-405e-8d54-157c4b469284","turnId":"9e2cd18a-90eb-4d94-a87f-904630dfe240","rootTurnId":"9e2cd18a-90eb-4d94-a87f-904630dfe240"}
{"timestamp":"2026-08-14T11:11:05.412Z","level":"info","message":"[q-developer-converse] Sending GenerateAssistantResponse modelId=auto agentMode=vibe origin=AI_EDITOR streaming=true conversationId=sess_d44ec850-c718-405e-8d54-157c4b469284","conversationId":"sess_d44ec850-c718-405e-8d54-157c4b469284","turnId":"9e2cd18a-90eb-4d94-a87f-904630dfe240","rootTurnId":"9e2cd18a-90eb-4d94-a87f-904630dfe240"}
{"timestamp":"2026-08-14T11:11:05.412Z","level":"info","message":"[q-developer-converse] Request payload: 75173 chars, 2 history messages, conversationId=sess_d44ec850-c718-405e-8d54-157c4b469284","conversationId":"sess_d44ec850-c718-405e-8d54-157c4b469284","turnId":"9e2cd18a-90eb-4d94-a87f-904630dfe240","rootTurnId":"9e2cd18a-90eb-4d94-a87f-904630dfe240"}
{"timestamp":"2026-08-14T11:11:08.777Z","level":"info","message":"[AgentIterator] Synchronizing results","conversationId":"sess_d44ec850-c718-405e-8d54-157c4b469284","turnId":"9e2cd18a-90eb-4d94-a87f-904630dfe240","rootTurnId":"9e2cd18a-90eb-4d94-a87f-904630dfe240"}
{"timestamp":"2026-08-14T11:11:08.777Z","level":"info","message":"[AgentIterator] Processing intent detection result","conversationId":"sess_d44ec850-c718-405e-8d54-157c4b469284","turnId":"9e2cd18a-90eb-4d94-a87f-904630dfe240","rootTurnId":"9e2cd18a-90eb-4d94-a87f-904630dfe240"}
{"timestamp":"2026-08-14T11:11:08.779Z","level":"info","message":"[ChatAgent] Processing model response stream","conversationId":"sess_d44ec850-c718-405e-8d54-157c4b469284","turnId":"9e2cd18a-90eb-4d94-a87f-904630dfe240","rootTurnId":"9e2cd18a-90eb-4d94-a87f-904630dfe240"}
{"timestamp":"2026-08-14T11:11:08.779Z","level":"info","message":"[Steering] Populating steering for execution 9e2cd18a-90eb-4d94-a87f-904630dfe240","conversationId":"sess_d44ec850-c718-405e-8d54-157c4b469284","turnId":"9e2cd18a-90eb-4d94-a87f-904630dfe240","rootTurnId":"9e2cd18a-90eb-4d94-a87f-904630dfe240"}
{"timestamp":"2026-08-14T11:11:08.779Z","level":"info","message":"[Steering] ExistingFiles:  in 9e2cd18a-90eb-4d94-a87f-904630dfe240","conversationId":"sess_d44ec850-c718-405e-8d54-157c4b469284","turnId":"9e2cd18a-90eb-4d94-a87f-904630dfe240","rootTurnId":"9e2cd18a-90eb-4d94-a87f-904630dfe240"}
{"timestamp":"2026-08-14T11:11:14.016Z","level":"warn","message":"[ACPEventAdapter] Action type has no dedicated handler and is being routed as a tool call. If this is a new non-tool action, add it to DispatchedActionType. {\"actionType\":\"todo_list\"}","conversationId":"sess_d44ec850-c718-405e-8d54-157c4b469284","turnId":"9e2cd18a-90eb-4d94-a87f-904630dfe240","rootTurnId":"9e2cd18a-90eb-4d94-a87f-904630dfe240"}
{"timestamp":"2026-08-14T11:11:14.030Z","level":"info","message":"[AgentIterator] Parallel invoking agent","conversationId":"sess_d44ec850-c718-405e-8d54-157c4b469284","turnId":"9e2cd18a-90eb-4d94-a87f-904630dfe240","rootTurnId":"9e2cd18a-90eb-4d94-a87f-904630dfe240"}
{"timestamp":"2026-08-14T11:11:14.030Z","level":"info","message":"[Steering] Populating steering for execution 9e2cd18a-90eb-4d94-a87f-904630dfe240","conversationId":"sess_d44ec850-c718-405e-8d54-157c4b469284","turnId":"9e2cd18a-90eb-4d94-a87f-904630dfe240","rootTurnId":"9e2cd18a-90eb-4d94-a87f-904630dfe240"}
{"timestamp":"2026-08-14T11:11:14.030Z","level":"info","message":"[Steering] ExistingFiles:  in 9e2cd18a-90eb-4d94-a87f-904630dfe240","conversationId":"sess_d44ec850-c718-405e-8d54-157c4b469284","turnId":"9e2cd18a-90eb-4d94-a87f-904630dfe240","rootTurnId":"9e2cd18a-90eb-4d94-a87f-904630dfe240"}
{"timestamp":"2026-08-14T11:11:14.030Z","level":"info","message":"Injecting todo list context into conversation","conversationId":"sess_d44ec850-c718-405e-8d54-157c4b469284","turnId":"9e2cd18a-90eb-4d94-a87f-904630dfe240","rootTurnId":"9e2cd18a-90eb-4d94-a87f-904630dfe240"}
{"timestamp":"2026-08-14T11:11:14.035Z","level":"info","message":"[q-developer-converse] Sending GenerateAssistantResponse modelId=auto agentMode=vibe origin=AI_EDITOR streaming=true conversationId=sess_d44ec850-c718-405e-8d54-157c4b469284","conversationId":"sess_d44ec850-c718-405e-8d54-157c4b469284","turnId":"9e2cd18a-90eb-4d94-a87f-904630dfe240","rootTurnId":"9e2cd18a-90eb-4d94-a87f-904630dfe240"}
{"timestamp":"2026-08-14T11:11:14.035Z","level":"info","message":"[q-developer-converse] Request payload: 78792 chars, 6 history messages, conversationId=sess_d44ec850-c718-405e-8d54-157c4b469284","conversationId":"sess_d44ec850-c718-405e-8d54-157c4b469284","turnId":"9e2cd18a-90eb-4d94-a87f-904630dfe240","rootTurnId":"9e2cd18a-90eb-4d94-a87f-904630dfe240"}
{"timestamp":"2026-08-14T11:11:14.056Z","level":"info","message":"fs.appendMessages.ok {\"system\":\"fs\",\"sessionId\":\"sess_d44ec850-c718-405e-8d54-157c4b469284\",\"messageCount\":2,\"durationMs\":39}","conversationId":"sess_d44ec850-c718-405e-8d54-157c4b469284","turnId":"9e2cd18a-90eb-4d94-a87f-904630dfe240","rootTurnId":"9e2cd18a-90eb-4d94-a87f-904630dfe240"}
{"timestamp":"2026-08-14T11:11:14.058Z","level":"info","message":"fs.appendMessages.ok {\"system\":\"fs\",\"sessionId\":\"sess_d44ec850-c718-405e-8d54-157c4b469284\",\"messageCount\":1,\"durationMs\":2}","conversationId":"sess_d44ec850-c718-405e-8d54-157c4b469284","turnId":"9e2cd18a-90eb-4d94-a87f-904630dfe240","rootTurnId":"9e2cd18a-90eb-4d94-a87f-904630dfe240"}
{"timestamp":"2026-08-14T11:11:17.176Z","level":"info","message":"[AgentIterator] Synchronizing results","conversationId":"sess_d44ec850-c718-405e-8d54-157c4b469284","turnId":"9e2cd18a-90eb-4d94-a87f-904630dfe240","rootTurnId":"9e2cd18a-90eb-4d94-a87f-904630dfe240"}
{"timestamp":"2026-08-14T11:11:17.176Z","level":"info","message":"[AgentIterator] Processing intent detection result","conversationId":"sess_d44ec850-c718-405e-8d54-157c4b469284","turnId":"9e2cd18a-90eb-4d94-a87f-904630dfe240","rootTurnId":"9e2cd18a-90eb-4d94-a87f-904630dfe240"}
{"timestamp":"2026-08-14T11:11:17.177Z","level":"info","message":"[ChatAgent] Processing model response stream","conversationId":"sess_d44ec850-c718-405e-8d54-157c4b469284","turnId":"9e2cd18a-90eb-4d94-a87f-904630dfe240","rootTurnId":"9e2cd18a-90eb-4d94-a87f-904630dfe240"}
{"timestamp":"2026-08-14T11:11:17.177Z","level":"info","message":"[Steering] Populating steering for execution 9e2cd18a-90eb-4d94-a87f-904630dfe240","conversationId":"sess_d44ec850-c718-405e-8d54-157c4b469284","turnId":"9e2cd18a-90eb-4d94-a87f-904630dfe240","rootTurnId":"9e2cd18a-90eb-4d94-a87f-904630dfe240"}
{"timestamp":"2026-08-14T11:11:17.177Z","level":"info","message":"[Steering] ExistingFiles:  in 9e2cd18a-90eb-4d94-a87f-904630dfe240","conversationId":"sess_d44ec850-c718-405e-8d54-157c4b469284","turnId":"9e2cd18a-90eb-4d94-a87f-904630dfe240","rootTurnId":"9e2cd18a-90eb-4d94-a87f-904630dfe240"}
{"timestamp":"2026-08-14T11:11:18.152Z","level":"warn","message":"[PersistenceClassification] Unknown action type \"update_session_information\" — defaulting to \"tool\". Add it to KnownActionType in persistence-classification.ts.","conversationId":"sess_d44ec850-c718-405e-8d54-157c4b469284","turnId":"9e2cd18a-90eb-4d94-a87f-904630dfe240","rootTurnId":"9e2cd18a-90eb-4d94-a87f-904630dfe240"}
{"timestamp":"2026-08-14T11:11:18.152Z","level":"warn","message":"[ACPEventAdapter] Action type has no dedicated handler and is being routed as a tool call. If this is a new non-tool action, add it to DispatchedActionType. {\"actionType\":\"update_session_information\"}","conversationId":"sess_d44ec850-c718-405e-8d54-157c4b469284","turnId":"9e2cd18a-90eb-4d94-a87f-904630dfe240","rootTurnId":"9e2cd18a-90eb-4d94-a87f-904630dfe240"}
{"timestamp":"2026-08-14T11:11:18.162Z","level":"info","message":"[AgentIterator] Parallel invoking agent","conversationId":"sess_d44ec850-c718-405e-8d54-157c4b469284","turnId":"9e2cd18a-90eb-4d94-a87f-904630dfe240","rootTurnId":"9e2cd18a-90eb-4d94-a87f-904630dfe240"}
{"timestamp":"2026-08-14T11:11:18.163Z","level":"info","message":"[Steering] Populating steering for execution 9e2cd18a-90eb-4d94-a87f-904630dfe240","conversationId":"sess_d44ec850-c718-405e-8d54-157c4b469284","turnId":"9e2cd18a-90eb-4d94-a87f-904630dfe240","rootTurnId":"9e2cd18a-90eb-4d94-a87f-904630dfe240"}
{"timestamp":"2026-08-14T11:11:18.163Z","level":"info","message":"[Steering] ExistingFiles:  in 9e2cd18a-90eb-4d94-a87f-904630dfe240","conversationId":"sess_d44ec850-c718-405e-8d54-157c4b469284","turnId":"9e2cd18a-90eb-4d94-a87f-904630dfe240","rootTurnId":"9e2cd18a-90eb-4d94-a87f-904630dfe240"}
{"timestamp":"2026-08-14T11:11:18.168Z","level":"info","message":"[q-developer-converse] Sending GenerateAssistantResponse modelId=auto agentMode=vibe origin=AI_EDITOR streaming=true conversationId=sess_d44ec850-c718-405e-8d54-157c4b469284","conversationId":"sess_d44ec850-c718-405e-8d54-157c4b469284","turnId":"9e2cd18a-90eb-4d94-a87f-904630dfe240","rootTurnId":"9e2cd18a-90eb-4d94-a87f-904630dfe240"}
{"timestamp":"2026-08-14T11:11:18.168Z","level":"info","message":"[q-developer-converse] Request payload: 79329 chars, 8 history messages, conversationId=sess_d44ec850-c718-405e-8d54-157c4b469284","conversationId":"sess_d44ec850-c718-405e-8d54-157c4b469284","turnId":"9e2cd18a-90eb-4d94-a87f-904630dfe240","rootTurnId":"9e2cd18a-90eb-4d94-a87f-904630dfe240"}
{"timestamp":"2026-08-14T11:11:18.192Z","level":"info","message":"[SessionPersistence] Updated metadata for session sess_d44ec850-c718-405e-8d54-157c4b469284","conversationId":"sess_d44ec850-c718-405e-8d54-157c4b469284","turnId":"9e2cd18a-90eb-4d94-a87f-904630dfe240","rootTurnId":"9e2cd18a-90eb-4d94-a87f-904630dfe240"}
{"timestamp":"2026-08-14T11:11:18.194Z","level":"info","message":"fs.appendMessages.ok {\"system\":\"fs\",\"sessionId\":\"sess_d44ec850-c718-405e-8d54-157c4b469284\",\"messageCount\":2,\"durationMs\":41}","conversationId":"sess_d44ec850-c718-405e-8d54-157c4b469284","turnId":"9e2cd18a-90eb-4d94-a87f-904630dfe240","rootTurnId":"9e2cd18a-90eb-4d94-a87f-904630dfe240"}
{"timestamp":"2026-08-14T11:11:18.195Z","level":"info","message":"fs.appendMessages.ok {\"system\":\"fs\",\"sessionId\":\"sess_d44ec850-c718-405e-8d54-157c4b469284\",\"messageCount\":1,\"durationMs\":2}","conversationId":"sess_d44ec850-c718-405e-8d54-157c4b469284","turnId":"9e2cd18a-90eb-4d94-a87f-904630dfe240","rootTurnId":"9e2cd18a-90eb-4d94-a87f-904630dfe240"}
{"timestamp":"2026-08-14T11:11:20.682Z","level":"info","message":"[AgentIterator] Synchronizing results","conversationId":"sess_d44ec850-c718-405e-8d54-157c4b469284","turnId":"9e2cd18a-90eb-4d94-a87f-904630dfe240","rootTurnId":"9e2cd18a-90eb-4d94-a87f-904630dfe240"}
{"timestamp":"2026-08-14T11:11:20.682Z","level":"info","message":"[AgentIterator] Processing intent detection result","conversationId":"sess_d44ec850-c718-405e-8d54-157c4b469284","turnId":"9e2cd18a-90eb-4d94-a87f-904630dfe240","rootTurnId":"9e2cd18a-90eb-4d94-a87f-904630dfe240"}
{"timestamp":"2026-08-14T11:11:20.683Z","level":"info","message":"[ChatAgent] Processing model response stream","conversationId":"sess_d44ec850-c718-405e-8d54-157c4b469284","turnId":"9e2cd18a-90eb-4d94-a87f-904630dfe240","rootTurnId":"9e2cd18a-90eb-4d94-a87f-904630dfe240"}
{"timestamp":"2026-08-14T11:11:20.683Z","level":"info","message":"[Steering] Populating steering for execution 9e2cd18a-90eb-4d94-a87f-904630dfe240","conversationId":"sess_d44ec850-c718-405e-8d54-157c4b469284","turnId":"9e2cd18a-90eb-4d94-a87f-904630dfe240","rootTurnId":"9e2cd18a-90eb-4d94-a87f-904630dfe240"}
{"timestamp":"2026-08-14T11:11:20.683Z","level":"info","message":"[Steering] ExistingFiles:  in 9e2cd18a-90eb-4d94-a87f-904630dfe240","conversationId":"sess_d44ec850-c718-405e-8d54-157c4b469284","turnId":"9e2cd18a-90eb-4d94-a87f-904630dfe240","rootTurnId":"9e2cd18a-90eb-4d94-a87f-904630dfe240"}
{"timestamp":"2026-08-14T11:11:21.236Z","level":"info","message":"fs.appendMessages.ok {\"system\":\"fs\",\"sessionId\":\"sess_d44ec850-c718-405e-8d54-157c4b469284\",\"messageCount\":1,\"durationMs\":4}","conversationId":"sess_d44ec850-c718-405e-8d54-157c4b469284","turnId":"9e2cd18a-90eb-4d94-a87f-904630dfe240","rootTurnId":"9e2cd18a-90eb-4d94-a87f-904630dfe240"}
{"timestamp":"2026-08-14T11:11:22.454Z","level":"warn","message":"[ACPEventAdapter] Action type has no dedicated handler and is being routed as a tool call. If this is a new non-tool action, add it to DispatchedActionType. {\"actionType\":\"read_files\"}","conversationId":"sess_d44ec850-c718-405e-8d54-157c4b469284","turnId":"9e2cd18a-90eb-4d94-a87f-904630dfe240","rootTurnId":"9e2cd18a-90eb-4d94-a87f-904630dfe240"}
{"timestamp":"2026-08-14T11:11:22.462Z","level":"info","message":"acp.policy-eval.complete {\"toolId\":\"read_files\",\"effect\":\"allow\",\"capability\":\"fs_read\"}","conversationId":"sess_d44ec850-c718-405e-8d54-157c4b469284","turnId":"9e2cd18a-90eb-4d94-a87f-904630dfe240","rootTurnId":"9e2cd18a-90eb-4d94-a87f-904630dfe240"}
{"timestamp":"2026-08-14T11:11:22.477Z","level":"info","message":"fs.appendMessages.ok {\"system\":\"fs\",\"sessionId\":\"sess_d44ec850-c718-405e-8d54-157c4b469284\",\"messageCount\":1,\"durationMs\":11}","conversationId":"sess_d44ec850-c718-405e-8d54-157c4b469284","turnId":"9e2cd18a-90eb-4d94-a87f-904630dfe240","rootTurnId":"9e2cd18a-90eb-4d94-a87f-904630dfe240"}
{"timestamp":"2026-08-14T11:11:22.494Z","level":"info","message":"[AgentIterator] Parallel invoking agent","conversationId":"sess_d44ec850-c718-405e-8d54-157c4b469284","turnId":"9e2cd18a-90eb-4d94-a87f-904630dfe240","rootTurnId":"9e2cd18a-90eb-4d94-a87f-904630dfe240"}
{"timestamp":"2026-08-14T11:11:22.494Z","level":"info","message":"[Steering] Populating steering for execution 9e2cd18a-90eb-4d94-a87f-904630dfe240","conversationId":"sess_d44ec850-c718-405e-8d54-157c4b469284","turnId":"9e2cd18a-90eb-4d94-a87f-904630dfe240","rootTurnId":"9e2cd18a-90eb-4d94-a87f-904630dfe240"}
{"timestamp":"2026-08-14T11:11:22.495Z","level":"info","message":"[Steering] ExistingFiles: /c:/Users/PC/OneDrive/Documents/GitHub/CodingCamp-10August26-aldan/index.html, /c:/Users/PC/OneDrive/Documents/GitHub/CodingCamp-10August26-aldan/style.css, /c:/Users/PC/OneDrive/Documents/GitHub/CodingCamp-10August26-aldan/script.js in 9e2cd18a-90eb-4d94-a87f-904630dfe240","conversationId":"sess_d44ec850-c718-405e-8d54-157c4b469284","turnId":"9e2cd18a-90eb-4d94-a87f-904630dfe240","rootTurnId":"9e2cd18a-90eb-4d94-a87f-904630dfe240"}
{"timestamp":"2026-08-14T11:11:22.499Z","level":"info","message":"fs.appendMessages.ok {\"system\":\"fs\",\"sessionId\":\"sess_d44ec850-c718-405e-8d54-157c4b469284\",\"messageCount\":2,\"durationMs\":17}","conversationId":"sess_d44ec850-c718-405e-8d54-157c4b469284","turnId":"9e2cd18a-90eb-4d94-a87f-904630dfe240","rootTurnId":"9e2cd18a-90eb-4d94-a87f-904630dfe240"}
{"timestamp":"2026-08-14T11:11:22.500Z","level":"info","message":"[q-developer-converse] Sending GenerateAssistantResponse modelId=auto agentMode=vibe origin=AI_EDITOR streaming=true conversationId=sess_d44ec850-c718-405e-8d54-157c4b469284","conversationId":"sess_d44ec850-c718-405e-8d54-157c4b469284","turnId":"9e2cd18a-90eb-4d94-a87f-904630dfe240","rootTurnId":"9e2cd18a-90eb-4d94-a87f-904630dfe240"}
{"timestamp":"2026-08-14T11:11:22.501Z","level":"info","message":"[q-developer-converse] Request payload: 80553 chars, 10 history messages, conversationId=sess_d44ec850-c718-405e-8d54-157c4b469284","conversationId":"sess_d44ec850-c718-405e-8d54-157c4b469284","turnId":"9e2cd18a-90eb-4d94-a87f-904630dfe240","rootTurnId":"9e2cd18a-90eb-4d94-a87f-904630dfe240"}
{"timestamp":"2026-08-14T11:11:25.218Z","level":"info","message":"[AgentIterator] Synchronizing results","conversationId":"sess_d44ec850-c718-405e-8d54-157c4b469284","turnId":"9e2cd18a-90eb-4d94-a87f-904630dfe240","rootTurnId":"9e2cd18a-90eb-4d94-a87f-904630dfe240"}
{"timestamp":"2026-08-14T11:11:25.218Z","level":"info","message":"[AgentIterator] Processing intent detection result","conversationId":"sess_d44ec850-c718-405e-8d54-157c4b469284","turnId":"9e2cd18a-90eb-4d94-a87f-904630dfe240","rootTurnId":"9e2cd18a-90eb-4d94-a87f-904630dfe240"}
{"timestamp":"2026-08-14T11:11:25.219Z","level":"info","message":"[ChatAgent] Processing model response stream","conversationId":"sess_d44ec850-c718-405e-8d54-157c4b469284","turnId":"9e2cd18a-90eb-4d94-a87f-904630dfe240","rootTurnId":"9e2cd18a-90eb-4d94-a87f-904630dfe240"}
{"timestamp":"2026-08-14T11:11:25.219Z","level":"info","message":"[Steering] Populating steering for execution 9e2cd18a-90eb-4d94-a87f-904630dfe240","conversationId":"sess_d44ec850-c718-405e-8d54-157c4b469284","turnId":"9e2cd18a-90eb-4d94-a87f-904630dfe240","rootTurnId":"9e2cd18a-90eb-4d94-a87f-904630dfe240"}
{"timestamp":"2026-08-14T11:11:25.219Z","level":"info","message":"[Steering] ExistingFiles: /c:/Users/PC/OneDrive/Documents/GitHub/CodingCamp-10August26-aldan/index.html, /c:/Users/PC/OneDrive/Documents/GitHub/CodingCamp-10August26-aldan/style.css, /c:/Users/PC/OneDrive/Documents/GitHub/CodingCamp-10August26-aldan/script.js in 9e2cd18a-90eb-4d94-a87f-904630dfe240","conversationId":"sess_d44ec850-c718-405e-8d54-157c4b469284","turnId":"9e2cd18a-90eb-4d94-a87f-904630dfe240","rootTurnId":"9e2cd18a-90eb-4d94-a87f-904630dfe240"}
{"timestamp":"2026-08-14T11:11:26.075Z","level":"info","message":"fs.appendMessages.ok {\"system\":\"fs\",\"sessionId\":\"sess_d44ec850-c718-405e-8d54-157c4b469284\",\"messageCount\":1,\"durationMs\":2}","conversationId":"sess_d44ec850-c718-405e-8d54-157c4b469284","turnId":"9e2cd18a-90eb-4d94-a87f-904630dfe240","rootTurnId":"9e2cd18a-90eb-4d94-a87f-904630dfe240"}
{"timestamp":"2026-08-14T11:11:27.147Z","level":"info","message":"[ACPEventAdapter] Execution yielded {\"executionId\":\"9e2cd18a-90eb-4d94-a87f-904630dfe240\"}","conversationId":"sess_d44ec850-c718-405e-8d54-157c4b469284","turnId":"9e2cd18a-90eb-4d94-a87f-904630dfe240","rootTurnId":"9e2cd18a-90eb-4d94-a87f-904630dfe240"}
{"timestamp":"2026-08-14T11:11:27.148Z","level":"warn","message":"[ACPEventAdapter] Action type has no dedicated handler and is being routed as a tool call. If this is a new non-tool action, add it to DispatchedActionType. {\"actionType\":\"run_command\"}","conversationId":"sess_d44ec850-c718-405e-8d54-157c4b469284","turnId":"9e2cd18a-90eb-4d94-a87f-904630dfe240","rootTurnId":"9e2cd18a-90eb-4d94-a87f-904630dfe240"}
{"timestamp":"2026-08-14T11:11:27.166Z","level":"info","message":"fs.appendMessages.ok {\"system\":\"fs\",\"sessionId\":\"sess_d44ec850-c718-405e-8d54-157c4b469284\",\"messageCount\":1,\"durationMs\":13}","conversationId":"sess_d44ec850-c718-405e-8d54-157c4b469284","turnId":"9e2cd18a-90eb-4d94-a87f-904630dfe240","rootTurnId":"9e2cd18a-90eb-4d94-a87f-904630dfe240"}
{"timestamp":"2026-08-14T11:11:27.248Z","level":"info","message":"acp.policy-eval.complete {\"toolId\":\"run_command\",\"effect\":\"ask\"}","conversationId":"sess_d44ec850-c718-405e-8d54-157c4b469284","turnId":"9e2cd18a-90eb-4d94-a87f-904630dfe240","rootTurnId":"9e2cd18a-90eb-4d94-a87f-904630dfe240"}
{"timestamp":"2026-08-14T11:11:27.251Z","level":"info","message":"[ACP ToolApproval] Requesting permission for toolId=run_command, operationId=run_command_tooluse_erwlPR352gWj2Fy4O92hIw, sessionId=sess_d44ec850-c718-405e-8d54-157c4b469284","conversationId":"sess_d44ec850-c718-405e-8d54-157c4b469284","turnId":"9e2cd18a-90eb-4d94-a87f-904630dfe240","rootTurnId":"9e2cd18a-90eb-4d94-a87f-904630dfe240"}
{"timestamp":"2026-08-14T11:11:27.254Z","level":"info","message":"fs.appendMessages.ok {\"system\":\"fs\",\"sessionId\":\"sess_d44ec850-c718-405e-8d54-157c4b469284\",\"messageCount\":1,\"durationMs\":2}","conversationId":"sess_d44ec850-c718-405e-8d54-157c4b469284","turnId":"9e2cd18a-90eb-4d94-a87f-904630dfe240","rootTurnId":"9e2cd18a-90eb-4d94-a87f-904630dfe240"}
{"timestamp":"2026-08-14T11:11:52.017Z","level":"info","message":"fs.appendMessages.ok {\"system\":\"fs\",\"sessionId\":\"sess_d44ec850-c718-405e-8d54-157c4b469284\",\"messageCount\":1,\"durationMs\":2}","conversationId":"sess_d44ec850-c718-405e-8d54-157c4b469284","turnId":"9e2cd18a-90eb-4d94-a87f-904630dfe240","rootTurnId":"9e2cd18a-90eb-4d94-a87f-904630dfe240"}
{"timestamp":"2026-08-14T11:11:52.017Z","level":"info","message":"[ACP ToolApproval] Got response: {\"optionId\":\"accept\",\"outcome\":\"selected\"}","conversationId":"sess_d44ec850-c718-405e-8d54-157c4b469284","turnId":"9e2cd18a-90eb-4d94-a87f-904630dfe240","rootTurnId":"9e2cd18a-90eb-4d94-a87f-904630dfe240"}
{"timestamp":"2026-08-14T11:11:52.018Z","level":"info","message":"[ACPEventAdapter] Execution resumed {\"executionId\":\"9e2cd18a-90eb-4d94-a87f-904630dfe240\"}","conversationId":"sess_d44ec850-c718-405e-8d54-157c4b469284","turnId":"9e2cd18a-90eb-4d94-a87f-904630dfe240","rootTurnId":"9e2cd18a-90eb-4d94-a87f-904630dfe240"}
{"timestamp":"2026-08-14T11:11:57.654Z","level":"info","message":"[AgentIterator] Parallel invoking agent","conversationId":"sess_d44ec850-c718-405e-8d54-157c4b469284","turnId":"9e2cd18a-90eb-4d94-a87f-904630dfe240","rootTurnId":"9e2cd18a-90eb-4d94-a87f-904630dfe240"}
{"timestamp":"2026-08-14T11:11:57.654Z","level":"info","message":"[Steering] Populating steering for execution 9e2cd18a-90eb-4d94-a87f-904630dfe240","conversationId":"sess_d44ec850-c718-405e-8d54-157c4b469284","turnId":"9e2cd18a-90eb-4d94-a87f-904630dfe240","rootTurnId":"9e2cd18a-90eb-4d94-a87f-904630dfe240"}
{"timestamp":"2026-08-14T11:11:57.654Z","level":"info","message":"[Steering] ExistingFiles: /c:/Users/PC/OneDrive/Documents/GitHub/CodingCamp-10August26-aldan/index.html, /c:/Users/PC/OneDrive/Documents/GitHub/CodingCamp-10August26-aldan/style.css, /c:/Users/PC/OneDrive/Documents/GitHub/CodingCamp-10August26-aldan/script.js in 9e2cd18a-90eb-4d94-a87f-904630dfe240","conversationId":"sess_d44ec850-c718-405e-8d54-157c4b469284","turnId":"9e2cd18a-90eb-4d94-a87f-904630dfe240","rootTurnId":"9e2cd18a-90eb-4d94-a87f-904630dfe240"}
{"timestamp":"2026-08-14T11:11:57.661Z","level":"info","message":"[q-developer-converse] Sending GenerateAssistantResponse modelId=auto agentMode=vibe origin=AI_EDITOR streaming=true conversationId=sess_d44ec850-c718-405e-8d54-157c4b469284","conversationId":"sess_d44ec850-c718-405e-8d54-157c4b469284","turnId":"9e2cd18a-90eb-4d94-a87f-904630dfe240","rootTurnId":"9e2cd18a-90eb-4d94-a87f-904630dfe240"}
{"timestamp":"2026-08-14T11:11:57.662Z","level":"info","message":"[q-developer-converse] Request payload: 81673 chars, 12 history messages, conversationId=sess_d44ec850-c718-405e-8d54-157c4b469284","conversationId":"sess_d44ec850-c718-405e-8d54-157c4b469284","turnId":"9e2cd18a-90eb-4d94-a87f-904630dfe240","rootTurnId":"9e2cd18a-90eb-4d94-a87f-904630dfe240"}
{"timestamp":"2026-08-14T11:11:57.680Z","level":"info","message":"fs.appendMessages.ok {\"system\":\"fs\",\"sessionId\":\"sess_d44ec850-c718-405e-8d54-157c4b469284\",\"messageCount\":2,\"durationMs\":37}","conversationId":"sess_d44ec850-c718-405e-8d54-157c4b469284","turnId":"9e2cd18a-90eb-4d94-a87f-904630dfe240","rootTurnId":"9e2cd18a-90eb-4d94-a87f-904630dfe240"}
{"timestamp":"2026-08-14T11:12:01.109Z","level":"info","message":"[AgentIterator] Synchronizing results","conversationId":"sess_d44ec850-c718-405e-8d54-157c4b469284","turnId":"9e2cd18a-90eb-4d94-a87f-904630dfe240","rootTurnId":"9e2cd18a-90eb-4d94-a87f-904630dfe240"}
{"timestamp":"2026-08-14T11:12:01.109Z","level":"info","message":"[AgentIterator] Processing intent detection result","conversationId":"sess_d44ec850-c718-405e-8d54-157c4b469284","turnId":"9e2cd18a-90eb-4d94-a87f-904630dfe240","rootTurnId":"9e2cd18a-90eb-4d94-a87f-904630dfe240"}
{"timestamp":"2026-08-14T11:12:01.110Z","level":"info","message":"[ChatAgent] Processing model response stream","conversationId":"sess_d44ec850-c718-405e-8d54-157c4b469284","turnId":"9e2cd18a-90eb-4d94-a87f-904630dfe240","rootTurnId":"9e2cd18a-90eb-4d94-a87f-904630dfe240"}
{"timestamp":"2026-08-14T11:12:01.110Z","level":"info","message":"[Steering] Populating steering for execution 9e2cd18a-90eb-4d94-a87f-904630dfe240","conversationId":"sess_d44ec850-c718-405e-8d54-157c4b469284","turnId":"9e2cd18a-90eb-4d94-a87f-904630dfe240","rootTurnId":"9e2cd18a-90eb-4d94-a87f-904630dfe240"}
{"timestamp":"2026-08-14T11:12:01.110Z","level":"info","message":"[Steering] ExistingFiles: /c:/Users/PC/OneDrive/Documents/GitHub/CodingCamp-10August26-aldan/index.html, /c:/Users/PC/OneDrive/Documents/GitHub/CodingCamp-10August26-aldan/style.css, /c:/Users/PC/OneDrive/Documents/GitHub/CodingCamp-10August26-aldan/script.js in 9e2cd18a-90eb-4d94-a87f-904630dfe240","conversationId":"sess_d44ec850-c718-405e-8d54-157c4b469284","turnId":"9e2cd18a-90eb-4d94-a87f-904630dfe240","rootTurnId":"9e2cd18a-90eb-4d94-a87f-904630dfe240"}
{"timestamp":"2026-08-14T11:12:02.598Z","level":"info","message":"[AgentIterator] Parallel invoking agent","conversationId":"sess_d44ec850-c718-405e-8d54-157c4b469284","turnId":"9e2cd18a-90eb-4d94-a87f-904630dfe240","rootTurnId":"9e2cd18a-90eb-4d94-a87f-904630dfe240"}
{"timestamp":"2026-08-14T11:12:02.598Z","level":"info","message":"[Steering] Populating steering for execution 9e2cd18a-90eb-4d94-a87f-904630dfe240","conversationId":"sess_d44ec850-c718-405e-8d54-157c4b469284","turnId":"9e2cd18a-90eb-4d94-a87f-904630dfe240","rootTurnId":"9e2cd18a-90eb-4d94-a87f-904630dfe240"}
{"timestamp":"2026-08-14T11:12:02.598Z","level":"info","message":"[Steering] ExistingFiles: /c:/Users/PC/OneDrive/Documents/GitHub/CodingCamp-10August26-aldan/index.html, /c:/Users/PC/OneDrive/Documents/GitHub/CodingCamp-10August26-aldan/style.css, /c:/Users/PC/OneDrive/Documents/GitHub/CodingCamp-10August26-aldan/script.js in 9e2cd18a-90eb-4d94-a87f-904630dfe240","conversationId":"sess_d44ec850-c718-405e-8d54-157c4b469284","turnId":"9e2cd18a-90eb-4d94-a87f-904630dfe240","rootTurnId":"9e2cd18a-90eb-4d94-a87f-904630dfe240"}
{"timestamp":"2026-08-14T11:12:02.603Z","level":"info","message":"Injecting todo list context into conversation","conversationId":"sess_d44ec850-c718-405e-8d54-157c4b469284","turnId":"9e2cd18a-90eb-4d94-a87f-904630dfe240","rootTurnId":"9e2cd18a-90eb-4d94-a87f-904630dfe240"}
{"timestamp":"2026-08-14T11:12:02.609Z","level":"info","message":"fs.appendMessages.ok {\"system\":\"fs\",\"sessionId\":\"sess_d44ec850-c718-405e-8d54-157c4b469284\",\"messageCount\":2,\"durationMs\":22}","conversationId":"sess_d44ec850-c718-405e-8d54-157c4b469284","turnId":"9e2cd18a-90eb-4d94-a87f-904630dfe240","rootTurnId":"9e2cd18a-90eb-4d94-a87f-904630dfe240"}
{"timestamp":"2026-08-14T11:12:02.611Z","level":"info","message":"fs.appendMessages.ok {\"system\":\"fs\",\"sessionId\":\"sess_d44ec850-c718-405e-8d54-157c4b469284\",\"messageCount\":1,\"durationMs\":2}","conversationId":"sess_d44ec850-c718-405e-8d54-157c4b469284","turnId":"9e2cd18a-90eb-4d94-a87f-904630dfe240","rootTurnId":"9e2cd18a-90eb-4d94-a87f-904630dfe240"}
{"timestamp":"2026-08-14T11:12:02.622Z","level":"info","message":"[q-developer-converse] Sending GenerateAssistantResponse modelId=auto agentMode=vibe origin=AI_EDITOR streaming=true conversationId=sess_d44ec850-c718-405e-8d54-157c4b469284","conversationId":"sess_d44ec850-c718-405e-8d54-157c4b469284","turnId":"9e2cd18a-90eb-4d94-a87f-904630dfe240","rootTurnId":"9e2cd18a-90eb-4d94-a87f-904630dfe240"}
{"timestamp":"2026-08-14T11:12:02.623Z","level":"info","message":"[q-developer-converse] Request payload: 84762 chars, 16 history messages, conversationId=sess_d44ec850-c718-405e-8d54-157c4b469284","conversationId":"sess_d44ec850-c718-405e-8d54-157c4b469284","turnId":"9e2cd18a-90eb-4d94-a87f-904630dfe240","rootTurnId":"9e2cd18a-90eb-4d94-a87f-904630dfe240"}
{"timestamp":"2026-08-14T11:12:05.479Z","level":"info","message":"[AgentIterator] Synchronizing results","conversationId":"sess_d44ec850-c718-405e-8d54-157c4b469284","turnId":"9e2cd18a-90eb-4d94-a87f-904630dfe240","rootTurnId":"9e2cd18a-90eb-4d94-a87f-904630dfe240"}
{"timestamp":"2026-08-14T11:12:05.479Z","level":"info","message":"[AgentIterator] Processing intent detection result","conversationId":"sess_d44ec850-c718-405e-8d54-157c4b469284","turnId":"9e2cd18a-90eb-4d94-a87f-904630dfe240","rootTurnId":"9e2cd18a-90eb-4d94-a87f-904630dfe240"}
{"timestamp":"2026-08-14T11:12:05.481Z","level":"info","message":"[ChatAgent] Processing model response stream","conversationId":"sess_d44ec850-c718-405e-8d54-157c4b469284","turnId":"9e2cd18a-90eb-4d94-a87f-904630dfe240","rootTurnId":"9e2cd18a-90eb-4d94-a87f-904630dfe240"}
{"timestamp":"2026-08-14T11:12:05.481Z","level":"info","message":"[Steering] Populating steering for execution 9e2cd18a-90eb-4d94-a87f-904630dfe240","conversationId":"sess_d44ec850-c718-405e-8d54-157c4b469284","turnId":"9e2cd18a-90eb-4d94-a87f-904630dfe240","rootTurnId":"9e2cd18a-90eb-4d94-a87f-904630dfe240"}
{"timestamp":"2026-08-14T11:12:05.481Z","level":"info","message":"[Steering] ExistingFiles: /c:/Users/PC/OneDrive/Documents/GitHub/CodingCamp-10August26-aldan/index.html, /c:/Users/PC/OneDrive/Documents/GitHub/CodingCamp-10August26-aldan/style.css, /c:/Users/PC/OneDrive/Documents/GitHub/CodingCamp-10August26-aldan/script.js in 9e2cd18a-90eb-4d94-a87f-904630dfe240","conversationId":"sess_d44ec850-c718-405e-8d54-157c4b469284","turnId":"9e2cd18a-90eb-4d94-a87f-904630dfe240","rootTurnId":"9e2cd18a-90eb-4d94-a87f-904630dfe240"}
{"timestamp":"2026-08-14T11:12:06.152Z","level":"info","message":"fs.appendMessages.ok {\"system\":\"fs\",\"sessionId\":\"sess_d44ec850-c718-405e-8d54-157c4b469284\",\"messageCount\":1,\"durationMs\":3}","conversationId":"sess_d44ec850-c718-405e-8d54-157c4b469284","turnId":"9e2cd18a-90eb-4d94-a87f-904630dfe240","rootTurnId":"9e2cd18a-90eb-4d94-a87f-904630dfe240"}
{"timestamp":"2026-08-14T11:12:22.184Z","level":"warn","message":"[ACPEventAdapter] Action type has no dedicated handler and is being routed as a tool call. If this is a new non-tool action, add it to DispatchedActionType. {\"actionType\":\"write\"}","conversationId":"sess_d44ec850-c718-405e-8d54-157c4b469284","turnId":"9e2cd18a-90eb-4d94-a87f-904630dfe240","rootTurnId":"9e2cd18a-90eb-4d94-a87f-904630dfe240"}
{"timestamp":"2026-08-14T11:12:22.186Z","level":"info","message":"fs.appendMessages.ok {\"system\":\"fs\",\"sessionId\":\"sess_d44ec850-c718-405e-8d54-157c4b469284\",\"messageCount\":1,\"durationMs\":8}","conversationId":"sess_d44ec850-c718-405e-8d54-157c4b469284","turnId":"9e2cd18a-90eb-4d94-a87f-904630dfe240","rootTurnId":"9e2cd18a-90eb-4d94-a87f-904630dfe240"}
{"timestamp":"2026-08-14T11:12:22.195Z","level":"info","message":"acp.policy-eval.complete {\"toolId\":\"fs_write\",\"effect\":\"allow\",\"capability\":\"fs_write\"}","conversationId":"sess_d44ec850-c718-405e-8d54-157c4b469284","turnId":"9e2cd18a-90eb-4d94-a87f-904630dfe240","rootTurnId":"9e2cd18a-90eb-4d94-a87f-904630dfe240"}
{"timestamp":"2026-08-14T11:12:22.203Z","level":"info","message":"[SessionPersistence] Created snapshot eb50b066 for index.html in session sess_d44ec850-c718-405e-8d54-157c4b469284 (0 bytes)","conversationId":"sess_d44ec850-c718-405e-8d54-157c4b469284","turnId":"9e2cd18a-90eb-4d94-a87f-904630dfe240","rootTurnId":"9e2cd18a-90eb-4d94-a87f-904630dfe240"}
{"timestamp":"2026-08-14T11:12:22.263Z","level":"info","message":"[SessionPersistence] Created snapshot d59993b0 for index.html in session sess_d44ec850-c718-405e-8d54-157c4b469284 (4042 bytes)","conversationId":"sess_d44ec850-c718-405e-8d54-157c4b469284","turnId":"9e2cd18a-90eb-4d94-a87f-904630dfe240","rootTurnId":"9e2cd18a-90eb-4d94-a87f-904630dfe240"}
{"timestamp":"2026-08-14T11:12:22.272Z","level":"info","message":"[AgentIterator] Parallel invoking agent","conversationId":"sess_d44ec850-c718-405e-8d54-157c4b469284","turnId":"9e2cd18a-90eb-4d94-a87f-904630dfe240","rootTurnId":"9e2cd18a-90eb-4d94-a87f-904630dfe240"}
{"timestamp":"2026-08-14T11:12:22.272Z","level":"info","message":"[Steering] Populating steering for execution 9e2cd18a-90eb-4d94-a87f-904630dfe240","conversationId":"sess_d44ec850-c718-405e-8d54-157c4b469284","turnId":"9e2cd18a-90eb-4d94-a87f-904630dfe240","rootTurnId":"9e2cd18a-90eb-4d94-a87f-904630dfe240"}
{"timestamp":"2026-08-14T11:12:22.272Z","level":"info","message":"[Steering] ExistingFiles: /c:/Users/PC/OneDrive/Documents/GitHub/CodingCamp-10August26-aldan/index.html, /c:/Users/PC/OneDrive/Documents/GitHub/CodingCamp-10August26-aldan/style.css, /c:/Users/PC/OneDrive/Documents/GitHub/CodingCamp-10August26-aldan/script.js in 9e2cd18a-90eb-4d94-a87f-904630dfe240","conversationId":"sess_d44ec850-c718-405e-8d54-157c4b469284","turnId":"9e2cd18a-90eb-4d94-a87f-904630dfe240","rootTurnId":"9e2cd18a-90eb-4d94-a87f-904630dfe240"}
{"timestamp":"2026-08-14T11:12:22.277Z","level":"info","message":"fs.appendMessages.ok {\"system\":\"fs\",\"sessionId\":\"sess_d44ec850-c718-405e-8d54-157c4b469284\",\"messageCount\":2,\"durationMs\":13}","conversationId":"sess_d44ec850-c718-405e-8d54-157c4b469284","turnId":"9e2cd18a-90eb-4d94-a87f-904630dfe240","rootTurnId":"9e2cd18a-90eb-4d94-a87f-904630dfe240"}
{"timestamp":"2026-08-14T11:12:22.277Z","level":"info","message":"[q-developer-converse] Sending GenerateAssistantResponse modelId=auto agentMode=vibe origin=AI_EDITOR streaming=true conversationId=sess_d44ec850-c718-405e-8d54-157c4b469284","conversationId":"sess_d44ec850-c718-405e-8d54-157c4b469284","turnId":"9e2cd18a-90eb-4d94-a87f-904630dfe240","rootTurnId":"9e2cd18a-90eb-4d94-a87f-904630dfe240"}
{"timestamp":"2026-08-14T11:12:22.278Z","level":"info","message":"[q-developer-converse] Request payload: 89600 chars, 18 history messages, conversationId=sess_d44ec850-c718-405e-8d54-157c4b469284","conversationId":"sess_d44ec850-c718-405e-8d54-157c4b469284","turnId":"9e2cd18a-90eb-4d94-a87f-904630dfe240","rootTurnId":"9e2cd18a-90eb-4d94-a87f-904630dfe240"}
{"timestamp":"2026-08-14T11:12:24.849Z","level":"info","message":"[AgentIterator] Synchronizing results","conversationId":"sess_d44ec850-c718-405e-8d54-157c4b469284","turnId":"9e2cd18a-90eb-4d94-a87f-904630dfe240","rootTurnId":"9e2cd18a-90eb-4d94-a87f-904630dfe240"}
{"timestamp":"2026-08-14T11:12:24.849Z","level":"info","message":"[AgentIterator] Processing intent detection result","conversationId":"sess_d44ec850-c718-405e-8d54-157c4b469284","turnId":"9e2cd18a-90eb-4d94-a87f-904630dfe240","rootTurnId":"9e2cd18a-90eb-4d94-a87f-904630dfe240"}
{"timestamp":"2026-08-14T11:12:24.850Z","level":"info","message":"[ChatAgent] Processing model response stream","conversationId":"sess_d44ec850-c718-405e-8d54-157c4b469284","turnId":"9e2cd18a-90eb-4d94-a87f-904630dfe240","rootTurnId":"9e2cd18a-90eb-4d94-a87f-904630dfe240"}
{"timestamp":"2026-08-14T11:12:24.850Z","level":"info","message":"[Steering] Populating steering for execution 9e2cd18a-90eb-4d94-a87f-904630dfe240","conversationId":"sess_d44ec850-c718-405e-8d54-157c4b469284","turnId":"9e2cd18a-90eb-4d94-a87f-904630dfe240","rootTurnId":"9e2cd18a-90eb-4d94-a87f-904630dfe240"}
{"timestamp":"2026-08-14T11:12:24.850Z","level":"info","message":"[Steering] ExistingFiles: /c:/Users/PC/OneDrive/Documents/GitHub/CodingCamp-10August26-aldan/index.html, /c:/Users/PC/OneDrive/Documents/GitHub/CodingCamp-10August26-aldan/style.css, /c:/Users/PC/OneDrive/Documents/GitHub/CodingCamp-10August26-aldan/script.js in 9e2cd18a-90eb-4d94-a87f-904630dfe240","conversationId":"sess_d44ec850-c718-405e-8d54-157c4b469284","turnId":"9e2cd18a-90eb-4d94-a87f-904630dfe240","rootTurnId":"9e2cd18a-90eb-4d94-a87f-904630dfe240"}
{"timestamp":"2026-08-14T11:13:03.539Z","level":"warn","message":"[ACPEventAdapter] Action type has no dedicated handler and is being routed as a tool call. If this is a new non-tool action, add it to DispatchedActionType. {\"actionType\":\"create\"}","conversationId":"sess_d44ec850-c718-405e-8d54-157c4b469284","turnId":"9e2cd18a-90eb-4d94-a87f-904630dfe240","rootTurnId":"9e2cd18a-90eb-4d94-a87f-904630dfe240"}
{"timestamp":"2026-08-14T11:13:03.549Z","level":"info","message":"acp.policy-eval.complete {\"toolId\":\"fs_write\",\"effect\":\"allow\",\"capability\":\"fs_write\"}","conversationId":"sess_d44ec850-c718-405e-8d54-157c4b469284","turnId":"9e2cd18a-90eb-4d94-a87f-904630dfe240","rootTurnId":"9e2cd18a-90eb-4d94-a87f-904630dfe240"}
{"timestamp":"2026-08-14T11:13:03.551Z","level":"info","message":"fs.appendMessages.ok {\"system\":\"fs\",\"sessionId\":\"sess_d44ec850-c718-405e-8d54-157c4b469284\",\"messageCount\":1,\"durationMs\":14}","conversationId":"sess_d44ec850-c718-405e-8d54-157c4b469284","turnId":"9e2cd18a-90eb-4d94-a87f-904630dfe240","rootTurnId":"9e2cd18a-90eb-4d94-a87f-904630dfe240"}
{"timestamp":"2026-08-14T11:13:03.583Z","level":"info","message":"[SessionPersistence] Created snapshot e0404cd0 for css/style.css in session sess_d44ec850-c718-405e-8d54-157c4b469284 (10281 bytes)","conversationId":"sess_d44ec850-c718-405e-8d54-157c4b469284","turnId":"9e2cd18a-90eb-4d94-a87f-904630dfe240","rootTurnId":"9e2cd18a-90eb-4d94-a87f-904630dfe240"}
{"timestamp":"2026-08-14T11:13:03.591Z","level":"info","message":"[AgentIterator] Parallel invoking agent","conversationId":"sess_d44ec850-c718-405e-8d54-157c4b469284","turnId":"9e2cd18a-90eb-4d94-a87f-904630dfe240","rootTurnId":"9e2cd18a-90eb-4d94-a87f-904630dfe240"}
{"timestamp":"2026-08-14T11:13:03.591Z","level":"info","message":"[Steering] Populating steering for execution 9e2cd18a-90eb-4d94-a87f-904630dfe240","conversationId":"sess_d44ec850-c718-405e-8d54-157c4b469284","turnId":"9e2cd18a-90eb-4d94-a87f-904630dfe240","rootTurnId":"9e2cd18a-90eb-4d94-a87f-904630dfe240"}
{"timestamp":"2026-08-14T11:13:03.591Z","level":"info","message":"[Steering] ExistingFiles: /c:/Users/PC/OneDrive/Documents/GitHub/CodingCamp-10August26-aldan/index.html, /c:/Users/PC/OneDrive/Documents/GitHub/CodingCamp-10August26-aldan/style.css, /c:/Users/PC/OneDrive/Documents/GitHub/CodingCamp-10August26-aldan/script.js in 9e2cd18a-90eb-4d94-a87f-904630dfe240","conversationId":"sess_d44ec850-c718-405e-8d54-157c4b469284","turnId":"9e2cd18a-90eb-4d94-a87f-904630dfe240","rootTurnId":"9e2cd18a-90eb-4d94-a87f-904630dfe240"}
{"timestamp":"2026-08-14T11:13:03.594Z","level":"info","message":"fs.appendMessages.ok {\"system\":\"fs\",\"sessionId\":\"sess_d44ec850-c718-405e-8d54-157c4b469284\",\"messageCount\":2,\"durationMs\":11}","conversationId":"sess_d44ec850-c718-405e-8d54-157c4b469284","turnId":"9e2cd18a-90eb-4d94-a87f-904630dfe240","rootTurnId":"9e2cd18a-90eb-4d94-a87f-904630dfe240"}
{"timestamp":"2026-08-14T11:13:03.596Z","level":"info","message":"[q-developer-converse] Sending GenerateAssistantResponse modelId=auto agentMode=vibe origin=AI_EDITOR streaming=true conversationId=sess_d44ec850-c718-405e-8d54-157c4b469284","conversationId":"sess_d44ec850-c718-405e-8d54-157c4b469284","turnId":"9e2cd18a-90eb-4d94-a87f-904630dfe240","rootTurnId":"9e2cd18a-90eb-4d94-a87f-904630dfe240"}
{"timestamp":"2026-08-14T11:13:03.596Z","level":"info","message":"[q-developer-converse] Request payload: 100859 chars, 20 history messages, conversationId=sess_d44ec850-c718-405e-8d54-157c4b469284","conversationId":"sess_d44ec850-c718-405e-8d54-157c4b469284","turnId":"9e2cd18a-90eb-4d94-a87f-904630dfe240","rootTurnId":"9e2cd18a-90eb-4d94-a87f-904630dfe240"}
{"timestamp":"2026-08-14T11:13:06.963Z","level":"info","message":"[AgentIterator] Synchronizing results","conversationId":"sess_d44ec850-c718-405e-8d54-157c4b469284","turnId":"9e2cd18a-90eb-4d94-a87f-904630dfe240","rootTurnId":"9e2cd18a-90eb-4d94-a87f-904630dfe240"}
{"timestamp":"2026-08-14T11:13:06.963Z","level":"info","message":"[AgentIterator] Processing intent detection result","conversationId":"sess_d44ec850-c718-405e-8d54-157c4b469284","turnId":"9e2cd18a-90eb-4d94-a87f-904630dfe240","rootTurnId":"9e2cd18a-90eb-4d94-a87f-904630dfe240"}
{"timestamp":"2026-08-14T11:13:06.964Z","level":"info","message":"[ChatAgent] Processing model response stream","conversationId":"sess_d44ec850-c718-405e-8d54-157c4b469284","turnId":"9e2cd18a-90eb-4d94-a87f-904630dfe240","rootTurnId":"9e2cd18a-90eb-4d94-a87f-904630dfe240"}
{"timestamp":"2026-08-14T11:13:06.964Z","level":"info","message":"[Steering] Populating steering for execution 9e2cd18a-90eb-4d94-a87f-904630dfe240","conversationId":"sess_d44ec850-c718-405e-8d54-157c4b469284","turnId":"9e2cd18a-90eb-4d94-a87f-904630dfe240","rootTurnId":"9e2cd18a-90eb-4d94-a87f-904630dfe240"}
{"timestamp":"2026-08-14T11:13:06.964Z","level":"info","message":"[Steering] ExistingFiles: /c:/Users/PC/OneDrive/Documents/GitHub/CodingCamp-10August26-aldan/index.html, /c:/Users/PC/OneDrive/Documents/GitHub/CodingCamp-10August26-aldan/style.css, /c:/Users/PC/OneDrive/Documents/GitHub/CodingCamp-10August26-aldan/script.js in 9e2cd18a-90eb-4d94-a87f-904630dfe240","conversationId":"sess_d44ec850-c718-405e-8d54-157c4b469284","turnId":"9e2cd18a-90eb-4d94-a87f-904630dfe240","rootTurnId":"9e2cd18a-90eb-4d94-a87f-904630dfe240"}
{"timestamp":"2026-08-14T11:13:58.040Z","level":"info","message":"fs.appendMessages.ok {\"system\":\"fs\",\"sessionId\":\"sess_d44ec850-c718-405e-8d54-157c4b469284\",\"messageCount\":1,\"durationMs\":9}","conversationId":"sess_d44ec850-c718-405e-8d54-157c4b469284","turnId":"9e2cd18a-90eb-4d94-a87f-904630dfe240","rootTurnId":"9e2cd18a-90eb-4d94-a87f-904630dfe240"}
{"timestamp":"2026-08-14T11:13:58.064Z","level":"info","message":"acp.policy-eval.complete {\"toolId\":\"fs_write\",\"effect\":\"allow\",\"capability\":\"fs_write\"}","conversationId":"sess_d44ec850-c718-405e-8d54-157c4b469284","turnId":"9e2cd18a-90eb-4d94-a87f-904630dfe240","rootTurnId":"9e2cd18a-90eb-4d94-a87f-904630dfe240"}
{"timestamp":"2026-08-14T11:13:58.092Z","level":"info","message":"[SessionPersistence] Created snapshot ed8bc4dc for js/script.js in session sess_d44ec850-c718-405e-8d54-157c4b469284 (15520 bytes)","conversationId":"sess_d44ec850-c718-405e-8d54-157c4b469284","turnId":"9e2cd18a-90eb-4d94-a87f-904630dfe240","rootTurnId":"9e2cd18a-90eb-4d94-a87f-904630dfe240"}
{"timestamp":"2026-08-14T11:13:58.099Z","level":"info","message":"[AgentIterator] Parallel invoking agent","conversationId":"sess_d44ec850-c718-405e-8d54-157c4b469284","turnId":"9e2cd18a-90eb-4d94-a87f-904630dfe240","rootTurnId":"9e2cd18a-90eb-4d94-a87f-904630dfe240"}
{"timestamp":"2026-08-14T11:13:58.099Z","level":"info","message":"[Steering] Populating steering for execution 9e2cd18a-90eb-4d94-a87f-904630dfe240","conversationId":"sess_d44ec850-c718-405e-8d54-157c4b469284","turnId":"9e2cd18a-90eb-4d94-a87f-904630dfe240","rootTurnId":"9e2cd18a-90eb-4d94-a87f-904630dfe240"}
{"timestamp":"2026-08-14T11:13:58.099Z","level":"info","message":"[Steering] ExistingFiles: /c:/Users/PC/OneDrive/Documents/GitHub/CodingCamp-10August26-aldan/index.html, /c:/Users/PC/OneDrive/Documents/GitHub/CodingCamp-10August26-aldan/style.css, /c:/Users/PC/OneDrive/Documents/GitHub/CodingCamp-10August26-aldan/script.js in 9e2cd18a-90eb-4d94-a87f-904630dfe240","conversationId":"sess_d44ec850-c718-405e-8d54-157c4b469284","turnId":"9e2cd18a-90eb-4d94-a87f-904630dfe240","rootTurnId":"9e2cd18a-90eb-4d94-a87f-904630dfe240"}
{"timestamp":"2026-08-14T11:13:58.104Z","level":"info","message":"fs.appendMessages.ok {\"system\":\"fs\",\"sessionId\":\"sess_d44ec850-c718-405e-8d54-157c4b469284\",\"messageCount\":2,\"durationMs\":12}","conversationId":"sess_d44ec850-c718-405e-8d54-157c4b469284","turnId":"9e2cd18a-90eb-4d94-a87f-904630dfe240","rootTurnId":"9e2cd18a-90eb-4d94-a87f-904630dfe240"}
{"timestamp":"2026-08-14T11:13:58.105Z","level":"info","message":"[q-developer-converse] Sending GenerateAssistantResponse modelId=auto agentMode=vibe origin=AI_EDITOR streaming=true conversationId=sess_d44ec850-c718-405e-8d54-157c4b469284","conversationId":"sess_d44ec850-c718-405e-8d54-157c4b469284","turnId":"9e2cd18a-90eb-4d94-a87f-904630dfe240","rootTurnId":"9e2cd18a-90eb-4d94-a87f-904630dfe240"}
{"timestamp":"2026-08-14T11:13:58.105Z","level":"info","message":"[q-developer-converse] Request payload: 117419 chars, 22 history messages, conversationId=sess_d44ec850-c718-405e-8d54-157c4b469284","conversationId":"sess_d44ec850-c718-405e-8d54-157c4b469284","turnId":"9e2cd18a-90eb-4d94-a87f-904630dfe240","rootTurnId":"9e2cd18a-90eb-4d94-a87f-904630dfe240"}
{"timestamp":"2026-08-14T11:14:01.016Z","level":"info","message":"[AgentIterator] Synchronizing results","conversationId":"sess_d44ec850-c718-405e-8d54-157c4b469284","turnId":"9e2cd18a-90eb-4d94-a87f-904630dfe240","rootTurnId":"9e2cd18a-90eb-4d94-a87f-904630dfe240"}
{"timestamp":"2026-08-14T11:14:01.016Z","level":"info","message":"[AgentIterator] Processing intent detection result","conversationId":"sess_d44ec850-c718-405e-8d54-157c4b469284","turnId":"9e2cd18a-90eb-4d94-a87f-904630dfe240","rootTurnId":"9e2cd18a-90eb-4d94-a87f-904630dfe240"}
{"timestamp":"2026-08-14T11:14:01.017Z","level":"info","message":"[ChatAgent] Processing model response stream","conversationId":"sess_d44ec850-c718-405e-8d54-157c4b469284","turnId":"9e2cd18a-90eb-4d94-a87f-904630dfe240","rootTurnId":"9e2cd18a-90eb-4d94-a87f-904630dfe240"}
{"timestamp":"2026-08-14T11:14:01.017Z","level":"info","message":"[Steering] Populating steering for execution 9e2cd18a-90eb-4d94-a87f-904630dfe240","conversationId":"sess_d44ec850-c718-405e-8d54-157c4b469284","turnId":"9e2cd18a-90eb-4d94-a87f-904630dfe240","rootTurnId":"9e2cd18a-90eb-4d94-a87f-904630dfe240"}
{"timestamp":"2026-08-14T11:14:01.017Z","level":"info","message":"[Steering] ExistingFiles: /c:/Users/PC/OneDrive/Documents/GitHub/CodingCamp-10August26-aldan/index.html, /c:/Users/PC/OneDrive/Documents/GitHub/CodingCamp-10August26-aldan/style.css, /c:/Users/PC/OneDrive/Documents/GitHub/CodingCamp-10August26-aldan/script.js in 9e2cd18a-90eb-4d94-a87f-904630dfe240","conversationId":"sess_d44ec850-c718-405e-8d54-157c4b469284","turnId":"9e2cd18a-90eb-4d94-a87f-904630dfe240","rootTurnId":"9e2cd18a-90eb-4d94-a87f-904630dfe240"}
{"timestamp":"2026-08-14T11:14:02.016Z","level":"info","message":"fs.appendMessages.ok {\"system\":\"fs\",\"sessionId\":\"sess_d44ec850-c718-405e-8d54-157c4b469284\",\"messageCount\":1,\"durationMs\":3}","conversationId":"sess_d44ec850-c718-405e-8d54-157c4b469284","turnId":"9e2cd18a-90eb-4d94-a87f-904630dfe240","rootTurnId":"9e2cd18a-90eb-4d94-a87f-904630dfe240"}
{"timestamp":"2026-08-14T11:14:03.074Z","level":"warn","message":"[ACPEventAdapter] Action type has no dedicated handler and is being routed as a tool call. If this is a new non-tool action, add it to DispatchedActionType. {\"actionType\":\"delete\"}","conversationId":"sess_d44ec850-c718-405e-8d54-157c4b469284","turnId":"9e2cd18a-90eb-4d94-a87f-904630dfe240","rootTurnId":"9e2cd18a-90eb-4d94-a87f-904630dfe240"}
{"timestamp":"2026-08-14T11:14:03.077Z","level":"info","message":"acp.policy-eval.complete {\"toolId\":\"delete_file\",\"effect\":\"allow\",\"capability\":\"fs_write\"}","conversationId":"sess_d44ec850-c718-405e-8d54-157c4b469284","turnId":"9e2cd18a-90eb-4d94-a87f-904630dfe240","rootTurnId":"9e2cd18a-90eb-4d94-a87f-904630dfe240"}
{"timestamp":"2026-08-14T11:14:03.081Z","level":"info","message":"[SessionPersistence] Snapshot deduplicated for style.css in session sess_d44ec850-c718-405e-8d54-157c4b469284 (reused eb50b066)","conversationId":"sess_d44ec850-c718-405e-8d54-157c4b469284","turnId":"9e2cd18a-90eb-4d94-a87f-904630dfe240","rootTurnId":"9e2cd18a-90eb-4d94-a87f-904630dfe240"}
{"timestamp":"2026-08-14T11:14:03.153Z","level":"info","message":"fs.appendMessages.ok {\"system\":\"fs\",\"sessionId\":\"sess_d44ec850-c718-405e-8d54-157c4b469284\",\"messageCount\":2,\"durationMs\":4}","conversationId":"sess_d44ec850-c718-405e-8d54-157c4b469284","turnId":"9e2cd18a-90eb-4d94-a87f-904630dfe240","rootTurnId":"9e2cd18a-90eb-4d94-a87f-904630dfe240"}
{"timestamp":"2026-08-14T11:14:03.749Z","level":"info","message":"acp.policy-eval.complete {\"toolId\":\"delete_file\",\"effect\":\"allow\",\"capability\":\"fs_write\"}","conversationId":"sess_d44ec850-c718-405e-8d54-157c4b469284","turnId":"9e2cd18a-90eb-4d94-a87f-904630dfe240","rootTurnId":"9e2cd18a-90eb-4d94-a87f-904630dfe240"}
{"timestamp":"2026-08-14T11:14:03.757Z","level":"info","message":"fs.appendMessages.ok {\"system\":\"fs\",\"sessionId\":\"sess_d44ec850-c718-405e-8d54-157c4b469284\",\"messageCount\":1,\"durationMs\":5}","conversationId":"sess_d44ec850-c718-405e-8d54-157c4b469284","turnId":"9e2cd18a-90eb-4d94-a87f-904630dfe240","rootTurnId":"9e2cd18a-90eb-4d94-a87f-904630dfe240"}
{"timestamp":"2026-08-14T11:14:03.757Z","level":"info","message":"[SessionPersistence] Snapshot deduplicated for script.js in session sess_d44ec850-c718-405e-8d54-157c4b469284 (reused eb50b066)","conversationId":"sess_d44ec850-c718-405e-8d54-157c4b469284","turnId":"9e2cd18a-90eb-4d94-a87f-904630dfe240","rootTurnId":"9e2cd18a-90eb-4d94-a87f-904630dfe240"}
{"timestamp":"2026-08-14T11:14:03.810Z","level":"info","message":"[AgentIterator] Parallel invoking agent","conversationId":"sess_d44ec850-c718-405e-8d54-157c4b469284","turnId":"9e2cd18a-90eb-4d94-a87f-904630dfe240","rootTurnId":"9e2cd18a-90eb-4d94-a87f-904630dfe240"}
{"timestamp":"2026-08-14T11:14:03.810Z","level":"info","message":"[Steering] Populating steering for execution 9e2cd18a-90eb-4d94-a87f-904630dfe240","conversationId":"sess_d44ec850-c718-405e-8d54-157c4b469284","turnId":"9e2cd18a-90eb-4d94-a87f-904630dfe240","rootTurnId":"9e2cd18a-90eb-4d94-a87f-904630dfe240"}
{"timestamp":"2026-08-14T11:14:03.810Z","level":"info","message":"[Steering] ExistingFiles: /c:/Users/PC/OneDrive/Documents/GitHub/CodingCamp-10August26-aldan/index.html, /c:/Users/PC/OneDrive/Documents/GitHub/CodingCamp-10August26-aldan/style.css, /c:/Users/PC/OneDrive/Documents/GitHub/CodingCamp-10August26-aldan/script.js in 9e2cd18a-90eb-4d94-a87f-904630dfe240","conversationId":"sess_d44ec850-c718-405e-8d54-157c4b469284","turnId":"9e2cd18a-90eb-4d94-a87f-904630dfe240","rootTurnId":"9e2cd18a-90eb-4d94-a87f-904630dfe240"}
{"timestamp":"2026-08-14T11:14:03.819Z","level":"info","message":"[q-developer-converse] Sending GenerateAssistantResponse modelId=auto agentMode=vibe origin=AI_EDITOR streaming=true conversationId=sess_d44ec850-c718-405e-8d54-157c4b469284","conversationId":"sess_d44ec850-c718-405e-8d54-157c4b469284","turnId":"9e2cd18a-90eb-4d94-a87f-904630dfe240","rootTurnId":"9e2cd18a-90eb-4d94-a87f-904630dfe240"}
{"timestamp":"2026-08-14T11:14:03.820Z","level":"info","message":"[q-developer-converse] Request payload: 118585 chars, 24 history messages, conversationId=sess_d44ec850-c718-405e-8d54-157c4b469284","conversationId":"sess_d44ec850-c718-405e-8d54-157c4b469284","turnId":"9e2cd18a-90eb-4d94-a87f-904630dfe240","rootTurnId":"9e2cd18a-90eb-4d94-a87f-904630dfe240"}
{"timestamp":"2026-08-14T11:14:03.838Z","level":"info","message":"fs.appendMessages.ok {\"system\":\"fs\",\"sessionId\":\"sess_d44ec850-c718-405e-8d54-157c4b469284\",\"messageCount\":2,\"durationMs\":38}","conversationId":"sess_d44ec850-c718-405e-8d54-157c4b469284","turnId":"9e2cd18a-90eb-4d94-a87f-904630dfe240","rootTurnId":"9e2cd18a-90eb-4d94-a87f-904630dfe240"}
{"timestamp":"2026-08-14T11:14:06.860Z","level":"info","message":"[AgentIterator] Synchronizing results","conversationId":"sess_d44ec850-c718-405e-8d54-157c4b469284","turnId":"9e2cd18a-90eb-4d94-a87f-904630dfe240","rootTurnId":"9e2cd18a-90eb-4d94-a87f-904630dfe240"}
{"timestamp":"2026-08-14T11:14:06.860Z","level":"info","message":"[AgentIterator] Processing intent detection result","conversationId":"sess_d44ec850-c718-405e-8d54-157c4b469284","turnId":"9e2cd18a-90eb-4d94-a87f-904630dfe240","rootTurnId":"9e2cd18a-90eb-4d94-a87f-904630dfe240"}
{"timestamp":"2026-08-14T11:14:06.861Z","level":"info","message":"[ChatAgent] Processing model response stream","conversationId":"sess_d44ec850-c718-405e-8d54-157c4b469284","turnId":"9e2cd18a-90eb-4d94-a87f-904630dfe240","rootTurnId":"9e2cd18a-90eb-4d94-a87f-904630dfe240"}
{"timestamp":"2026-08-14T11:14:06.861Z","level":"info","message":"[Steering] Populating steering for execution 9e2cd18a-90eb-4d94-a87f-904630dfe240","conversationId":"sess_d44ec850-c718-405e-8d54-157c4b469284","turnId":"9e2cd18a-90eb-4d94-a87f-904630dfe240","rootTurnId":"9e2cd18a-90eb-4d94-a87f-904630dfe240"}
{"timestamp":"2026-08-14T11:14:06.861Z","level":"info","message":"[Steering] ExistingFiles: /c:/Users/PC/OneDrive/Documents/GitHub/CodingCamp-10August26-aldan/index.html, /c:/Users/PC/OneDrive/Documents/GitHub/CodingCamp-10August26-aldan/style.css, /c:/Users/PC/OneDrive/Documents/GitHub/CodingCamp-10August26-aldan/script.js in 9e2cd18a-90eb-4d94-a87f-904630dfe240","conversationId":"sess_d44ec850-c718-405e-8d54-157c4b469284","turnId":"9e2cd18a-90eb-4d94-a87f-904630dfe240","rootTurnId":"9e2cd18a-90eb-4d94-a87f-904630dfe240"}
{"timestamp":"2026-08-14T11:14:07.237Z","level":"info","message":"fs.appendMessages.ok {\"system\":\"fs\",\"sessionId\":\"sess_d44ec850-c718-405e-8d54-157c4b469284\",\"messageCount\":1,\"durationMs\":3}","conversationId":"sess_d44ec850-c718-405e-8d54-157c4b469284","turnId":"9e2cd18a-90eb-4d94-a87f-904630dfe240","rootTurnId":"9e2cd18a-90eb-4d94-a87f-904630dfe240"}
{"timestamp":"2026-08-14T11:14:08.101Z","level":"warn","message":"[ACPEventAdapter] Action type has no dedicated handler and is being routed as a tool call. If this is a new non-tool action, add it to DispatchedActionType. {\"actionType\":\"search\"}","conversationId":"sess_d44ec850-c718-405e-8d54-157c4b469284","turnId":"9e2cd18a-90eb-4d94-a87f-904630dfe240","rootTurnId":"9e2cd18a-90eb-4d94-a87f-904630dfe240"}
{"timestamp":"2026-08-14T11:14:08.102Z","level":"info","message":"acp.policy-eval.complete {\"toolId\":\"list_directory\",\"effect\":\"allow\",\"capability\":\"fs_read\"}","conversationId":"sess_d44ec850-c718-405e-8d54-157c4b469284","turnId":"9e2cd18a-90eb-4d94-a87f-904630dfe240","rootTurnId":"9e2cd18a-90eb-4d94-a87f-904630dfe240"}
{"timestamp":"2026-08-14T11:14:08.118Z","level":"info","message":"[AgentIterator] Parallel invoking agent","conversationId":"sess_d44ec850-c718-405e-8d54-157c4b469284","turnId":"9e2cd18a-90eb-4d94-a87f-904630dfe240","rootTurnId":"9e2cd18a-90eb-4d94-a87f-904630dfe240"}
{"timestamp":"2026-08-14T11:14:08.118Z","level":"info","message":"[Steering] Populating steering for execution 9e2cd18a-90eb-4d94-a87f-904630dfe240","conversationId":"sess_d44ec850-c718-405e-8d54-157c4b469284","turnId":"9e2cd18a-90eb-4d94-a87f-904630dfe240","rootTurnId":"9e2cd18a-90eb-4d94-a87f-904630dfe240"}
{"timestamp":"2026-08-14T11:14:08.118Z","level":"info","message":"[Steering] ExistingFiles: /c:/Users/PC/OneDrive/Documents/GitHub/CodingCamp-10August26-aldan/index.html, /c:/Users/PC/OneDrive/Documents/GitHub/CodingCamp-10August26-aldan/style.css, /c:/Users/PC/OneDrive/Documents/GitHub/CodingCamp-10August26-aldan/script.js in 9e2cd18a-90eb-4d94-a87f-904630dfe240","conversationId":"sess_d44ec850-c718-405e-8d54-157c4b469284","turnId":"9e2cd18a-90eb-4d94-a87f-904630dfe240","rootTurnId":"9e2cd18a-90eb-4d94-a87f-904630dfe240"}
{"timestamp":"2026-08-14T11:14:08.122Z","level":"info","message":"fs.appendMessages.ok {\"system\":\"fs\",\"sessionId\":\"sess_d44ec850-c718-405e-8d54-157c4b469284\",\"messageCount\":1,\"durationMs\":14}","conversationId":"sess_d44ec850-c718-405e-8d54-157c4b469284","turnId":"9e2cd18a-90eb-4d94-a87f-904630dfe240","rootTurnId":"9e2cd18a-90eb-4d94-a87f-904630dfe240"}
{"timestamp":"2026-08-14T11:14:08.123Z","level":"info","message":"[q-developer-converse] Sending GenerateAssistantResponse modelId=auto agentMode=vibe origin=AI_EDITOR streaming=true conversationId=sess_d44ec850-c718-405e-8d54-157c4b469284","conversationId":"sess_d44ec850-c718-405e-8d54-157c4b469284","turnId":"9e2cd18a-90eb-4d94-a87f-904630dfe240","rootTurnId":"9e2cd18a-90eb-4d94-a87f-904630dfe240"}
{"timestamp":"2026-08-14T11:14:08.124Z","level":"info","message":"[q-developer-converse] Request payload: 119308 chars, 26 history messages, conversationId=sess_d44ec850-c718-405e-8d54-157c4b469284","conversationId":"sess_d44ec850-c718-405e-8d54-157c4b469284","turnId":"9e2cd18a-90eb-4d94-a87f-904630dfe240","rootTurnId":"9e2cd18a-90eb-4d94-a87f-904630dfe240"}
{"timestamp":"2026-08-14T11:14:08.140Z","level":"info","message":"fs.appendMessages.ok {\"system\":\"fs\",\"sessionId\":\"sess_d44ec850-c718-405e-8d54-157c4b469284\",\"messageCount\":2,\"durationMs\":18}","conversationId":"sess_d44ec850-c718-405e-8d54-157c4b469284","turnId":"9e2cd18a-90eb-4d94-a87f-904630dfe240","rootTurnId":"9e2cd18a-90eb-4d94-a87f-904630dfe240"}
{"timestamp":"2026-08-14T11:14:11.135Z","level":"info","message":"[AgentIterator] Synchronizing results","conversationId":"sess_d44ec850-c718-405e-8d54-157c4b469284","turnId":"9e2cd18a-90eb-4d94-a87f-904630dfe240","rootTurnId":"9e2cd18a-90eb-4d94-a87f-904630dfe240"}
{"timestamp":"2026-08-14T11:14:11.135Z","level":"info","message":"[AgentIterator] Processing intent detection result","conversationId":"sess_d44ec850-c718-405e-8d54-157c4b469284","turnId":"9e2cd18a-90eb-4d94-a87f-904630dfe240","rootTurnId":"9e2cd18a-90eb-4d94-a87f-904630dfe240"}
{"timestamp":"2026-08-14T11:14:11.136Z","level":"info","message":"[ChatAgent] Processing model response stream","conversationId":"sess_d44ec850-c718-405e-8d54-157c4b469284","turnId":"9e2cd18a-90eb-4d94-a87f-904630dfe240","rootTurnId":"9e2cd18a-90eb-4d94-a87f-904630dfe240"}
{"timestamp":"2026-08-14T11:14:11.136Z","level":"info","message":"[Steering] Populating steering for execution 9e2cd18a-90eb-4d94-a87f-904630dfe240","conversationId":"sess_d44ec850-c718-405e-8d54-157c4b469284","turnId":"9e2cd18a-90eb-4d94-a87f-904630dfe240","rootTurnId":"9e2cd18a-90eb-4d94-a87f-904630dfe240"}
{"timestamp":"2026-08-14T11:14:11.136Z","level":"info","message":"[Steering] ExistingFiles: /c:/Users/PC/OneDrive/Documents/GitHub/CodingCamp-10August26-aldan/index.html, /c:/Users/PC/OneDrive/Documents/GitHub/CodingCamp-10August26-aldan/style.css, /c:/Users/PC/OneDrive/Documents/GitHub/CodingCamp-10August26-aldan/script.js in 9e2cd18a-90eb-4d94-a87f-904630dfe240","conversationId":"sess_d44ec850-c718-405e-8d54-157c4b469284","turnId":"9e2cd18a-90eb-4d94-a87f-904630dfe240","rootTurnId":"9e2cd18a-90eb-4d94-a87f-904630dfe240"}
{"timestamp":"2026-08-14T11:14:12.041Z","level":"info","message":"acp.policy-eval.complete {\"toolId\":\"list_directory\",\"effect\":\"allow\",\"capability\":\"fs_read\"}","conversationId":"sess_d44ec850-c718-405e-8d54-157c4b469284","turnId":"9e2cd18a-90eb-4d94-a87f-904630dfe240","rootTurnId":"9e2cd18a-90eb-4d94-a87f-904630dfe240"}
{"timestamp":"2026-08-14T11:14:12.048Z","level":"info","message":"fs.appendMessages.ok {\"system\":\"fs\",\"sessionId\":\"sess_d44ec850-c718-405e-8d54-157c4b469284\",\"messageCount\":2,\"durationMs\":3}","conversationId":"sess_d44ec850-c718-405e-8d54-157c4b469284","turnId":"9e2cd18a-90eb-4d94-a87f-904630dfe240","rootTurnId":"9e2cd18a-90eb-4d94-a87f-904630dfe240"}
{"timestamp":"2026-08-14T11:14:12.733Z","level":"info","message":"acp.policy-eval.complete {\"toolId\":\"list_directory\",\"effect\":\"allow\",\"capability\":\"fs_read\"}","conversationId":"sess_d44ec850-c718-405e-8d54-157c4b469284","turnId":"9e2cd18a-90eb-4d94-a87f-904630dfe240","rootTurnId":"9e2cd18a-90eb-4d94-a87f-904630dfe240"}
{"timestamp":"2026-08-14T11:14:12.746Z","level":"info","message":"[AgentIterator] Parallel invoking agent","conversationId":"sess_d44ec850-c718-405e-8d54-157c4b469284","turnId":"9e2cd18a-90eb-4d94-a87f-904630dfe240","rootTurnId":"9e2cd18a-90eb-4d94-a87f-904630dfe240"}
{"timestamp":"2026-08-14T11:14:12.746Z","level":"info","message":"[Steering] Populating steering for execution 9e2cd18a-90eb-4d94-a87f-904630dfe240","conversationId":"sess_d44ec850-c718-405e-8d54-157c4b469284","turnId":"9e2cd18a-90eb-4d94-a87f-904630dfe240","rootTurnId":"9e2cd18a-90eb-4d94-a87f-904630dfe240"}
{"timestamp":"2026-08-14T11:14:12.746Z","level":"info","message":"[Steering] ExistingFiles: /c:/Users/PC/OneDrive/Documents/GitHub/CodingCamp-10August26-aldan/index.html, /c:/Users/PC/OneDrive/Documents/GitHub/CodingCamp-10August26-aldan/style.css, /c:/Users/PC/OneDrive/Documents/GitHub/CodingCamp-10August26-aldan/script.js in 9e2cd18a-90eb-4d94-a87f-904630dfe240","conversationId":"sess_d44ec850-c718-405e-8d54-157c4b469284","turnId":"9e2cd18a-90eb-4d94-a87f-904630dfe240","rootTurnId":"9e2cd18a-90eb-4d94-a87f-904630dfe240"}
{"timestamp":"2026-08-14T11:14:12.748Z","level":"info","message":"fs.appendMessages.ok {\"system\":\"fs\",\"sessionId\":\"sess_d44ec850-c718-405e-8d54-157c4b469284\",\"messageCount\":1,\"durationMs\":13}","conversationId":"sess_d44ec850-c718-405e-8d54-157c4b469284","turnId":"9e2cd18a-90eb-4d94-a87f-904630dfe240","rootTurnId":"9e2cd18a-90eb-4d94-a87f-904630dfe240"}
{"timestamp":"2026-08-14T11:14:12.753Z","level":"info","message":"[q-developer-converse] Sending GenerateAssistantResponse modelId=auto agentMode=vibe origin=AI_EDITOR streaming=true conversationId=sess_d44ec850-c718-405e-8d54-157c4b469284","conversationId":"sess_d44ec850-c718-405e-8d54-157c4b469284","turnId":"9e2cd18a-90eb-4d94-a87f-904630dfe240","rootTurnId":"9e2cd18a-90eb-4d94-a87f-904630dfe240"}
{"timestamp":"2026-08-14T11:14:12.754Z","level":"info","message":"[q-developer-converse] Request payload: 120324 chars, 28 history messages, conversationId=sess_d44ec850-c718-405e-8d54-157c4b469284","conversationId":"sess_d44ec850-c718-405e-8d54-157c4b469284","turnId":"9e2cd18a-90eb-4d94-a87f-904630dfe240","rootTurnId":"9e2cd18a-90eb-4d94-a87f-904630dfe240"}
{"timestamp":"2026-08-14T11:14:12.769Z","level":"info","message":"fs.appendMessages.ok {\"system\":\"fs\",\"sessionId\":\"sess_d44ec850-c718-405e-8d54-157c4b469284\",\"messageCount\":2,\"durationMs\":20}","conversationId":"sess_d44ec850-c718-405e-8d54-157c4b469284","turnId":"9e2cd18a-90eb-4d94-a87f-904630dfe240","rootTurnId":"9e2cd18a-90eb-4d94-a87f-904630dfe240"}
{"timestamp":"2026-08-14T11:14:15.519Z","level":"info","message":"[AgentIterator] Synchronizing results","conversationId":"sess_d44ec850-c718-405e-8d54-157c4b469284","turnId":"9e2cd18a-90eb-4d94-a87f-904630dfe240","rootTurnId":"9e2cd18a-90eb-4d94-a87f-904630dfe240"}
{"timestamp":"2026-08-14T11:14:15.519Z","level":"info","message":"[AgentIterator] Processing intent detection result","conversationId":"sess_d44ec850-c718-405e-8d54-157c4b469284","turnId":"9e2cd18a-90eb-4d94-a87f-904630dfe240","rootTurnId":"9e2cd18a-90eb-4d94-a87f-904630dfe240"}
{"timestamp":"2026-08-14T11:14:15.520Z","level":"info","message":"[ChatAgent] Processing model response stream","conversationId":"sess_d44ec850-c718-405e-8d54-157c4b469284","turnId":"9e2cd18a-90eb-4d94-a87f-904630dfe240","rootTurnId":"9e2cd18a-90eb-4d94-a87f-904630dfe240"}
{"timestamp":"2026-08-14T11:14:15.520Z","level":"info","message":"[Steering] Populating steering for execution 9e2cd18a-90eb-4d94-a87f-904630dfe240","conversationId":"sess_d44ec850-c718-405e-8d54-157c4b469284","turnId":"9e2cd18a-90eb-4d94-a87f-904630dfe240","rootTurnId":"9e2cd18a-90eb-4d94-a87f-904630dfe240"}
{"timestamp":"2026-08-14T11:14:15.520Z","level":"info","message":"[Steering] ExistingFiles: /c:/Users/PC/OneDrive/Documents/GitHub/CodingCamp-10August26-aldan/index.html, /c:/Users/PC/OneDrive/Documents/GitHub/CodingCamp-10August26-aldan/style.css, /c:/Users/PC/OneDrive/Documents/GitHub/CodingCamp-10August26-aldan/script.js in 9e2cd18a-90eb-4d94-a87f-904630dfe240","conversationId":"sess_d44ec850-c718-405e-8d54-157c4b469284","turnId":"9e2cd18a-90eb-4d94-a87f-904630dfe240","rootTurnId":"9e2cd18a-90eb-4d94-a87f-904630dfe240"}
{"timestamp":"2026-08-14T11:14:16.405Z","level":"info","message":"fs.appendMessages.ok {\"system\":\"fs\",\"sessionId\":\"sess_d44ec850-c718-405e-8d54-157c4b469284\",\"messageCount\":1,\"durationMs\":3}","conversationId":"sess_d44ec850-c718-405e-8d54-157c4b469284","turnId":"9e2cd18a-90eb-4d94-a87f-904630dfe240","rootTurnId":"9e2cd18a-90eb-4d94-a87f-904630dfe240"}
{"timestamp":"2026-08-14T11:14:17.322Z","level":"info","message":"acp.policy-eval.complete {\"toolId\":\"grep_search\",\"effect\":\"allow\",\"capability\":\"fs_read\"}","conversationId":"sess_d44ec850-c718-405e-8d54-157c4b469284","turnId":"9e2cd18a-90eb-4d94-a87f-904630dfe240","rootTurnId":"9e2cd18a-90eb-4d94-a87f-904630dfe240"}
{"timestamp":"2026-08-14T11:14:17.340Z","level":"info","message":"fs.appendMessages.ok {\"system\":\"fs\",\"sessionId\":\"sess_d44ec850-c718-405e-8d54-157c4b469284\",\"messageCount\":1,\"durationMs\":4}","conversationId":"sess_d44ec850-c718-405e-8d54-157c4b469284","turnId":"9e2cd18a-90eb-4d94-a87f-904630dfe240","rootTurnId":"9e2cd18a-90eb-4d94-a87f-904630dfe240"}
{"timestamp":"2026-08-14T11:14:17.414Z","level":"info","message":"[AgentIterator] Parallel invoking agent","conversationId":"sess_d44ec850-c718-405e-8d54-157c4b469284","turnId":"9e2cd18a-90eb-4d94-a87f-904630dfe240","rootTurnId":"9e2cd18a-90eb-4d94-a87f-904630dfe240"}
{"timestamp":"2026-08-14T11:14:17.414Z","level":"info","message":"[Steering] Populating steering for execution 9e2cd18a-90eb-4d94-a87f-904630dfe240","conversationId":"sess_d44ec850-c718-405e-8d54-157c4b469284","turnId":"9e2cd18a-90eb-4d94-a87f-904630dfe240","rootTurnId":"9e2cd18a-90eb-4d94-a87f-904630dfe240"}
{"timestamp":"2026-08-14T11:14:17.414Z","level":"info","message":"[Steering] ExistingFiles: /c:/Users/PC/OneDrive/Documents/GitHub/CodingCamp-10August26-aldan/index.html, /c:/Users/PC/OneDrive/Documents/GitHub/CodingCamp-10August26-aldan/style.css, /c:/Users/PC/OneDrive/Documents/GitHub/CodingCamp-10August26-aldan/script.js in 9e2cd18a-90eb-4d94-a87f-904630dfe240","conversationId":"sess_d44ec850-c718-405e-8d54-157c4b469284","turnId":"9e2cd18a-90eb-4d94-a87f-904630dfe240","rootTurnId":"9e2cd18a-90eb-4d94-a87f-904630dfe240"}
{"timestamp":"2026-08-14T11:14:17.420Z","level":"info","message":"fs.appendMessages.ok {\"system\":\"fs\",\"sessionId\":\"sess_d44ec850-c718-405e-8d54-157c4b469284\",\"messageCount\":2,\"durationMs\":10}","conversationId":"sess_d44ec850-c718-405e-8d54-157c4b469284","turnId":"9e2cd18a-90eb-4d94-a87f-904630dfe240","rootTurnId":"9e2cd18a-90eb-4d94-a87f-904630dfe240"}
{"timestamp":"2026-08-14T11:14:17.420Z","level":"info","message":"[q-developer-converse] Sending GenerateAssistantResponse modelId=auto agentMode=vibe origin=AI_EDITOR streaming=true conversationId=sess_d44ec850-c718-405e-8d54-157c4b469284","conversationId":"sess_d44ec850-c718-405e-8d54-157c4b469284","turnId":"9e2cd18a-90eb-4d94-a87f-904630dfe240","rootTurnId":"9e2cd18a-90eb-4d94-a87f-904630dfe240"}
{"timestamp":"2026-08-14T11:14:17.421Z","level":"info","message":"[q-developer-converse] Request payload: 121366 chars, 30 history messages, conversationId=sess_d44ec850-c718-405e-8d54-157c4b469284","conversationId":"sess_d44ec850-c718-405e-8d54-157c4b469284","turnId":"9e2cd18a-90eb-4d94-a87f-904630dfe240","rootTurnId":"9e2cd18a-90eb-4d94-a87f-904630dfe240"}
{"timestamp":"2026-08-14T11:14:20.696Z","level":"info","message":"[AgentIterator] Synchronizing results","conversationId":"sess_d44ec850-c718-405e-8d54-157c4b469284","turnId":"9e2cd18a-90eb-4d94-a87f-904630dfe240","rootTurnId":"9e2cd18a-90eb-4d94-a87f-904630dfe240"}
{"timestamp":"2026-08-14T11:14:20.696Z","level":"info","message":"[AgentIterator] Processing intent detection result","conversationId":"sess_d44ec850-c718-405e-8d54-157c4b469284","turnId":"9e2cd18a-90eb-4d94-a87f-904630dfe240","rootTurnId":"9e2cd18a-90eb-4d94-a87f-904630dfe240"}
{"timestamp":"2026-08-14T11:14:20.697Z","level":"info","message":"[ChatAgent] Processing model response stream","conversationId":"sess_d44ec850-c718-405e-8d54-157c4b469284","turnId":"9e2cd18a-90eb-4d94-a87f-904630dfe240","rootTurnId":"9e2cd18a-90eb-4d94-a87f-904630dfe240"}
{"timestamp":"2026-08-14T11:14:20.697Z","level":"info","message":"[Steering] Populating steering for execution 9e2cd18a-90eb-4d94-a87f-904630dfe240","conversationId":"sess_d44ec850-c718-405e-8d54-157c4b469284","turnId":"9e2cd18a-90eb-4d94-a87f-904630dfe240","rootTurnId":"9e2cd18a-90eb-4d94-a87f-904630dfe240"}
{"timestamp":"2026-08-14T11:14:20.697Z","level":"info","message":"[Steering] ExistingFiles: /c:/Users/PC/OneDrive/Documents/GitHub/CodingCamp-10August26-aldan/index.html, /c:/Users/PC/OneDrive/Documents/GitHub/CodingCamp-10August26-aldan/style.css, /c:/Users/PC/OneDrive/Documents/GitHub/CodingCamp-10August26-aldan/script.js in 9e2cd18a-90eb-4d94-a87f-904630dfe240","conversationId":"sess_d44ec850-c718-405e-8d54-157c4b469284","turnId":"9e2cd18a-90eb-4d94-a87f-904630dfe240","rootTurnId":"9e2cd18a-90eb-4d94-a87f-904630dfe240"}
{"timestamp":"2026-08-14T11:14:21.297Z","level":"info","message":"fs.appendMessages.ok {\"system\":\"fs\",\"sessionId\":\"sess_d44ec850-c718-405e-8d54-157c4b469284\",\"messageCount\":1,\"durationMs\":3}","conversationId":"sess_d44ec850-c718-405e-8d54-157c4b469284","turnId":"9e2cd18a-90eb-4d94-a87f-904630dfe240","rootTurnId":"9e2cd18a-90eb-4d94-a87f-904630dfe240"}
{"timestamp":"2026-08-14T11:14:24.780Z","level":"info","message":"[AgentIterator] Parallel invoking agent","conversationId":"sess_d44ec850-c718-405e-8d54-157c4b469284","turnId":"9e2cd18a-90eb-4d94-a87f-904630dfe240","rootTurnId":"9e2cd18a-90eb-4d94-a87f-904630dfe240"}
{"timestamp":"2026-08-14T11:14:24.780Z","level":"info","message":"[Steering] Populating steering for execution 9e2cd18a-90eb-4d94-a87f-904630dfe240","conversationId":"sess_d44ec850-c718-405e-8d54-157c4b469284","turnId":"9e2cd18a-90eb-4d94-a87f-904630dfe240","rootTurnId":"9e2cd18a-90eb-4d94-a87f-904630dfe240"}
{"timestamp":"2026-08-14T11:14:24.780Z","level":"info","message":"[Steering] ExistingFiles: /c:/Users/PC/OneDrive/Documents/GitHub/CodingCamp-10August26-aldan/index.html, /c:/Users/PC/OneDrive/Documents/GitHub/CodingCamp-10August26-aldan/style.css, /c:/Users/PC/OneDrive/Documents/GitHub/CodingCamp-10August26-aldan/script.js in 9e2cd18a-90eb-4d94-a87f-904630dfe240","conversationId":"sess_d44ec850-c718-405e-8d54-157c4b469284","turnId":"9e2cd18a-90eb-4d94-a87f-904630dfe240","rootTurnId":"9e2cd18a-90eb-4d94-a87f-904630dfe240"}
{"timestamp":"2026-08-14T11:14:24.787Z","level":"info","message":"[q-developer-converse] Sending GenerateAssistantResponse modelId=auto agentMode=vibe origin=AI_EDITOR streaming=true conversationId=sess_d44ec850-c718-405e-8d54-157c4b469284","conversationId":"sess_d44ec850-c718-405e-8d54-157c4b469284","turnId":"9e2cd18a-90eb-4d94-a87f-904630dfe240","rootTurnId":"9e2cd18a-90eb-4d94-a87f-904630dfe240"}
{"timestamp":"2026-08-14T11:14:24.787Z","level":"info","message":"[q-developer-converse] Request payload: 122278 chars, 32 history messages, conversationId=sess_d44ec850-c718-405e-8d54-157c4b469284","conversationId":"sess_d44ec850-c718-405e-8d54-157c4b469284","turnId":"9e2cd18a-90eb-4d94-a87f-904630dfe240","rootTurnId":"9e2cd18a-90eb-4d94-a87f-904630dfe240"}
{"timestamp":"2026-08-14T11:14:24.803Z","level":"info","message":"fs.appendMessages.ok {\"system\":\"fs\",\"sessionId\":\"sess_d44ec850-c718-405e-8d54-157c4b469284\",\"messageCount\":2,\"durationMs\":29}","conversationId":"sess_d44ec850-c718-405e-8d54-157c4b469284","turnId":"9e2cd18a-90eb-4d94-a87f-904630dfe240","rootTurnId":"9e2cd18a-90eb-4d94-a87f-904630dfe240"}
{"timestamp":"2026-08-14T11:14:24.807Z","level":"info","message":"fs.appendMessages.ok {\"system\":\"fs\",\"sessionId\":\"sess_d44ec850-c718-405e-8d54-157c4b469284\",\"messageCount\":1,\"durationMs\":4}","conversationId":"sess_d44ec850-c718-405e-8d54-157c4b469284","turnId":"9e2cd18a-90eb-4d94-a87f-904630dfe240","rootTurnId":"9e2cd18a-90eb-4d94-a87f-904630dfe240"}
{"timestamp":"2026-08-14T11:14:28.029Z","level":"info","message":"[AgentIterator] Synchronizing results","conversationId":"sess_d44ec850-c718-405e-8d54-157c4b469284","turnId":"9e2cd18a-90eb-4d94-a87f-904630dfe240","rootTurnId":"9e2cd18a-90eb-4d94-a87f-904630dfe240"}
{"timestamp":"2026-08-14T11:14:28.029Z","level":"info","message":"[AgentIterator] Processing intent detection result","conversationId":"sess_d44ec850-c718-405e-8d54-157c4b469284","turnId":"9e2cd18a-90eb-4d94-a87f-904630dfe240","rootTurnId":"9e2cd18a-90eb-4d94-a87f-904630dfe240"}
{"timestamp":"2026-08-14T11:14:28.030Z","level":"info","message":"[ChatAgent] Processing model response stream","conversationId":"sess_d44ec850-c718-405e-8d54-157c4b469284","turnId":"9e2cd18a-90eb-4d94-a87f-904630dfe240","rootTurnId":"9e2cd18a-90eb-4d94-a87f-904630dfe240"}
{"timestamp":"2026-08-14T11:14:28.030Z","level":"info","message":"[Steering] Populating steering for execution 9e2cd18a-90eb-4d94-a87f-904630dfe240","conversationId":"sess_d44ec850-c718-405e-8d54-157c4b469284","turnId":"9e2cd18a-90eb-4d94-a87f-904630dfe240","rootTurnId":"9e2cd18a-90eb-4d94-a87f-904630dfe240"}
{"timestamp":"2026-08-14T11:14:28.030Z","level":"info","message":"[Steering] ExistingFiles: /c:/Users/PC/OneDrive/Documents/GitHub/CodingCamp-10August26-aldan/index.html, /c:/Users/PC/OneDrive/Documents/GitHub/CodingCamp-10August26-aldan/style.css, /c:/Users/PC/OneDrive/Documents/GitHub/CodingCamp-10August26-aldan/script.js in 9e2cd18a-90eb-4d94-a87f-904630dfe240","conversationId":"sess_d44ec850-c718-405e-8d54-157c4b469284","turnId":"9e2cd18a-90eb-4d94-a87f-904630dfe240","rootTurnId":"9e2cd18a-90eb-4d94-a87f-904630dfe240"}
{"timestamp":"2026-08-14T11:14:29.073Z","level":"info","message":"[AgentIterator] Parallel invoking agent","conversationId":"sess_d44ec850-c718-405e-8d54-157c4b469284","turnId":"9e2cd18a-90eb-4d94-a87f-904630dfe240","rootTurnId":"9e2cd18a-90eb-4d94-a87f-904630dfe240"}
{"timestamp":"2026-08-14T11:14:29.074Z","level":"info","message":"[Steering] Populating steering for execution 9e2cd18a-90eb-4d94-a87f-904630dfe240","conversationId":"sess_d44ec850-c718-405e-8d54-157c4b469284","turnId":"9e2cd18a-90eb-4d94-a87f-904630dfe240","rootTurnId":"9e2cd18a-90eb-4d94-a87f-904630dfe240"}
{"timestamp":"2026-08-14T11:14:29.074Z","level":"info","message":"[Steering] ExistingFiles: /c:/Users/PC/OneDrive/Documents/GitHub/CodingCamp-10August26-aldan/index.html, /c:/Users/PC/OneDrive/Documents/GitHub/CodingCamp-10August26-aldan/style.css, /c:/Users/PC/OneDrive/Documents/GitHub/CodingCamp-10August26-aldan/script.js in 9e2cd18a-90eb-4d94-a87f-904630dfe240","conversationId":"sess_d44ec850-c718-405e-8d54-157c4b469284","turnId":"9e2cd18a-90eb-4d94-a87f-904630dfe240","rootTurnId":"9e2cd18a-90eb-4d94-a87f-904630dfe240"}
{"timestamp":"2026-08-14T11:14:29.080Z","level":"info","message":"[SessionPersistence] Updated metadata for session sess_d44ec850-c718-405e-8d54-157c4b469284","conversationId":"sess_d44ec850-c718-405e-8d54-157c4b469284","turnId":"9e2cd18a-90eb-4d94-a87f-904630dfe240","rootTurnId":"9e2cd18a-90eb-4d94-a87f-904630dfe240"}
{"timestamp":"2026-08-14T11:14:29.081Z","level":"info","message":"[q-developer-converse] Sending GenerateAssistantResponse modelId=auto agentMode=vibe origin=AI_EDITOR streaming=true conversationId=sess_d44ec850-c718-405e-8d54-157c4b469284","conversationId":"sess_d44ec850-c718-405e-8d54-157c4b469284","turnId":"9e2cd18a-90eb-4d94-a87f-904630dfe240","rootTurnId":"9e2cd18a-90eb-4d94-a87f-904630dfe240"}
{"timestamp":"2026-08-14T11:14:29.081Z","level":"info","message":"[q-developer-converse] Request payload: 122826 chars, 34 history messages, conversationId=sess_d44ec850-c718-405e-8d54-157c4b469284","conversationId":"sess_d44ec850-c718-405e-8d54-157c4b469284","turnId":"9e2cd18a-90eb-4d94-a87f-904630dfe240","rootTurnId":"9e2cd18a-90eb-4d94-a87f-904630dfe240"}
{"timestamp":"2026-08-14T11:14:29.098Z","level":"info","message":"fs.appendMessages.ok {\"system\":\"fs\",\"sessionId\":\"sess_d44ec850-c718-405e-8d54-157c4b469284\",\"messageCount\":2,\"durationMs\":31}","conversationId":"sess_d44ec850-c718-405e-8d54-157c4b469284","turnId":"9e2cd18a-90eb-4d94-a87f-904630dfe240","rootTurnId":"9e2cd18a-90eb-4d94-a87f-904630dfe240"}
{"timestamp":"2026-08-14T11:14:29.100Z","level":"info","message":"fs.appendMessages.ok {\"system\":\"fs\",\"sessionId\":\"sess_d44ec850-c718-405e-8d54-157c4b469284\",\"messageCount\":1,\"durationMs\":2}","conversationId":"sess_d44ec850-c718-405e-8d54-157c4b469284","turnId":"9e2cd18a-90eb-4d94-a87f-904630dfe240","rootTurnId":"9e2cd18a-90eb-4d94-a87f-904630dfe240"}
{"timestamp":"2026-08-14T11:14:31.903Z","level":"info","message":"[AgentIterator] Synchronizing results","conversationId":"sess_d44ec850-c718-405e-8d54-157c4b469284","turnId":"9e2cd18a-90eb-4d94-a87f-904630dfe240","rootTurnId":"9e2cd18a-90eb-4d94-a87f-904630dfe240"}
{"timestamp":"2026-08-14T11:14:31.903Z","level":"info","message":"[AgentIterator] Processing intent detection result","conversationId":"sess_d44ec850-c718-405e-8d54-157c4b469284","turnId":"9e2cd18a-90eb-4d94-a87f-904630dfe240","rootTurnId":"9e2cd18a-90eb-4d94-a87f-904630dfe240"}
{"timestamp":"2026-08-14T11:14:31.903Z","level":"info","message":"[ChatAgent] Processing model response stream","conversationId":"sess_d44ec850-c718-405e-8d54-157c4b469284","turnId":"9e2cd18a-90eb-4d94-a87f-904630dfe240","rootTurnId":"9e2cd18a-90eb-4d94-a87f-904630dfe240"}
{"timestamp":"2026-08-14T11:14:31.903Z","level":"info","message":"[Steering] Populating steering for execution 9e2cd18a-90eb-4d94-a87f-904630dfe240","conversationId":"sess_d44ec850-c718-405e-8d54-157c4b469284","turnId":"9e2cd18a-90eb-4d94-a87f-904630dfe240","rootTurnId":"9e2cd18a-90eb-4d94-a87f-904630dfe240"}
{"timestamp":"2026-08-14T11:14:31.903Z","level":"info","message":"[Steering] ExistingFiles: /c:/Users/PC/OneDrive/Documents/GitHub/CodingCamp-10August26-aldan/index.html, /c:/Users/PC/OneDrive/Documents/GitHub/CodingCamp-10August26-aldan/style.css, /c:/Users/PC/OneDrive/Documents/GitHub/CodingCamp-10August26-aldan/script.js in 9e2cd18a-90eb-4d94-a87f-904630dfe240","conversationId":"sess_d44ec850-c718-405e-8d54-157c4b469284","turnId":"9e2cd18a-90eb-4d94-a87f-904630dfe240","rootTurnId":"9e2cd18a-90eb-4d94-a87f-904630dfe240"}
{"timestamp":"2026-08-14T11:14:39.904Z","level":"info","message":"[ACPEventAdapter] Execution succeeded {\"executionId\":\"9e2cd18a-90eb-4d94-a87f-904630dfe240\"}","conversationId":"sess_d44ec850-c718-405e-8d54-157c4b469284","turnId":"9e2cd18a-90eb-4d94-a87f-904630dfe240","rootTurnId":"9e2cd18a-90eb-4d94-a87f-904630dfe240"}
{"timestamp":"2026-08-14T11:14:39.908Z","level":"info","message":"fs.appendMessages.ok {\"system\":\"fs\",\"sessionId\":\"sess_d44ec850-c718-405e-8d54-157c4b469284\",\"messageCount\":1,\"durationMs\":10}","conversationId":"sess_d44ec850-c718-405e-8d54-157c4b469284","turnId":"9e2cd18a-90eb-4d94-a87f-904630dfe240","rootTurnId":"9e2cd18a-90eb-4d94-a87f-904630dfe240"}
{"timestamp":"2026-08-14T11:14:39.910Z","level":"info","message":"fs.appendMessages.ok {\"system\":\"fs\",\"sessionId\":\"sess_d44ec850-c718-405e-8d54-157c4b469284\",\"messageCount\":1,\"durationMs\":2}","conversationId":"sess_d44ec850-c718-405e-8d54-157c4b469284","turnId":"9e2cd18a-90eb-4d94-a87f-904630dfe240","rootTurnId":"9e2cd18a-90eb-4d94-a87f-904630dfe240"}
{"timestamp":"2026-08-14T11:14:39.912Z","level":"info","message":"fs.appendMessages.ok {\"system\":\"fs\",\"sessionId\":\"sess_d44ec850-c718-405e-8d54-157c4b469284\",\"messageCount\":3,\"durationMs\":2}","conversationId":"sess_d44ec850-c718-405e-8d54-157c4b469284","turnId":"9e2cd18a-90eb-4d94-a87f-904630dfe240","rootTurnId":"9e2cd18a-90eb-4d94-a87f-904630dfe240"}
{"timestamp":"2026-08-14T11:14:39.913Z","level":"info","message":"[agent-controller] Progressing model queue {\"activeExecution\":false,\"queueSize\":0}","conversationId":"sess_d44ec850-c718-405e-8d54-157c4b469284","turnId":"9e2cd18a-90eb-4d94-a87f-904630dfe240","rootTurnId":"9e2cd18a-90eb-4d94-a87f-904630dfe240"}
{"timestamp":"2026-08-14T11:14:39.916Z","level":"info","message":"fs.loadSession.ok {\"system\":\"fs\",\"sessionId\":\"sess_d44ec850-c718-405e-8d54-157c4b469284\",\"durationMs\":3}","conversationId":"sess_d44ec850-c718-405e-8d54-157c4b469284"}
{"timestamp":"2026-08-14T11:14:39.917Z","level":"info","message":"[SessionPersistence] Updated metadata for session sess_d44ec850-c718-405e-8d54-157c4b469284","conversationId":"sess_d44ec850-c718-405e-8d54-157c4b469284","turnId":"9e2cd18a-90eb-4d94-a87f-904630dfe240","rootTurnId":"9e2cd18a-90eb-4d94-a87f-904630dfe240"}
{"timestamp":"2026-08-14T11:14:39.919Z","level":"info","message":"fs.appendMessages.ok {\"system\":\"fs\",\"sessionId\":\"sess_d44ec850-c718-405e-8d54-157c4b469284\",\"messageCount\":1,\"durationMs\":3}","conversationId":"sess_d44ec850-c718-405e-8d54-157c4b469284"}
{"timestamp":"2026-08-14T11:19:28.415Z","level":"info","message":"network.listAvailableModels.ok {\"system\":\"network\",\"durationMs\":1439}"}
{"timestamp":"2026-08-14T11:19:28.415Z","level":"info","message":"[ACPModelConfigProvider] Loaded 9 models"}
{"timestamp":"2026-08-14T11:24:29.536Z","level":"info","message":"network.listAvailableModels.ok {\"system\":\"network\",\"durationMs\":1112}"}
{"timestamp":"2026-08-14T11:24:29.536Z","level":"info","message":"[ACPModelConfigProvider] Loaded 9 models"}
{"timestamp":"2026-08-14T11:29:31.041Z","level":"info","message":"network.listAvailableModels.ok {\"system\":\"network\",\"durationMs\":1499}"}
{"timestamp":"2026-08-14T11:29:31.041Z","level":"info","message":"[ACPModelConfigProvider] Loaded 9 models"}
{"timestamp":"2026-08-14T11:34:32.181Z","level":"info","message":"network.listAvailableModels.ok {\"system\":\"network\",\"durationMs\":1133}"}
{"timestamp":"2026-08-14T11:34:32.181Z","level":"info","message":"[ACPModelConfigProvider] Loaded 9 models"}
{"timestamp":"2026-08-14T11:39:33.678Z","level":"info","message":"network.listAvailableModels.ok {\"system\":\"network\",\"durationMs\":1496}"}
{"timestamp":"2026-08-14T11:39:33.678Z","level":"info","message":"[ACPModelConfigProvider] Loaded 9 models"}
{"timestamp":"2026-08-14T11:44:34.804Z","level":"info","message":"network.listAvailableModels.ok {\"system\":\"network\",\"durationMs\":1113}"}
{"timestamp":"2026-08-14T11:44:34.804Z","level":"info","message":"[ACPModelConfigProvider] Loaded 9 models"}
{"timestamp":"2026-08-14T11:46:04.075Z","level":"info","message":"[KiroAgent] ACP session/prompt sessionId=sess_d44ec850-c718-405e-8d54-157c4b469284"}
{"timestamp":"2026-08-14T11:46:04.080Z","level":"info","message":"fs.appendMessages.ok {\"system\":\"fs\",\"sessionId\":\"sess_d44ec850-c718-405e-8d54-157c4b469284\",\"messageCount\":1,\"durationMs\":5}"}
{"timestamp":"2026-08-14T11:46:04.084Z","level":"info","message":"agent_controller.triggered {\"agentType\":\"chat-agent\",\"autonomyMode\":\"Autopilot\",\"modelId\":\"auto\"}","conversationId":"sess_d44ec850-c718-405e-8d54-157c4b469284"}
{"timestamp":"2026-08-14T11:46:04.085Z","level":"info","message":"[ACPEventAdapter] Execution began {\"executionId\":\"968e8fe8-fde4-46eb-919b-31ec23b2c23c\"}","conversationId":"sess_d44ec850-c718-405e-8d54-157c4b469284","turnId":"968e8fe8-fde4-46eb-919b-31ec23b2c23c","rootTurnId":"968e8fe8-fde4-46eb-919b-31ec23b2c23c"}
{"timestamp":"2026-08-14T11:46:04.089Z","level":"info","message":"fs.appendMessages.ok {\"system\":\"fs\",\"sessionId\":\"sess_d44ec850-c718-405e-8d54-157c4b469284\",\"messageCount\":1,\"durationMs\":4}","conversationId":"sess_d44ec850-c718-405e-8d54-157c4b469284","turnId":"968e8fe8-fde4-46eb-919b-31ec23b2c23c","rootTurnId":"968e8fe8-fde4-46eb-919b-31ec23b2c23c"}
{"timestamp":"2026-08-14T11:46:04.096Z","level":"info","message":"[AgentIterator] Checking for intent overrides","conversationId":"sess_d44ec850-c718-405e-8d54-157c4b469284","turnId":"968e8fe8-fde4-46eb-919b-31ec23b2c23c","rootTurnId":"968e8fe8-fde4-46eb-919b-31ec23b2c23c"}
{"timestamp":"2026-08-14T11:46:04.097Z","level":"info","message":"[AgentIterator] Detecting intent","conversationId":"sess_d44ec850-c718-405e-8d54-157c4b469284","turnId":"968e8fe8-fde4-46eb-919b-31ec23b2c23c","rootTurnId":"968e8fe8-fde4-46eb-919b-31ec23b2c23c"}
{"timestamp":"2026-08-14T11:46:04.097Z","level":"info","message":"[INTENT_DETECTION] Prompt input mode, skipping intent detection","conversationId":"sess_d44ec850-c718-405e-8d54-157c4b469284","turnId":"968e8fe8-fde4-46eb-919b-31ec23b2c23c","rootTurnId":"968e8fe8-fde4-46eb-919b-31ec23b2c23c"}
{"timestamp":"2026-08-14T11:46:04.097Z","level":"info","message":"[AgentIterator] Parallel invoking agent","conversationId":"sess_d44ec850-c718-405e-8d54-157c4b469284","turnId":"968e8fe8-fde4-46eb-919b-31ec23b2c23c","rootTurnId":"968e8fe8-fde4-46eb-919b-31ec23b2c23c"}
{"timestamp":"2026-08-14T11:46:04.098Z","level":"info","message":"[Steering] Populating steering for execution 968e8fe8-fde4-46eb-919b-31ec23b2c23c","conversationId":"sess_d44ec850-c718-405e-8d54-157c4b469284","turnId":"968e8fe8-fde4-46eb-919b-31ec23b2c23c","rootTurnId":"968e8fe8-fde4-46eb-919b-31ec23b2c23c"}
{"timestamp":"2026-08-14T11:46:04.098Z","level":"info","message":"[Steering] ExistingFiles: /c:/Users/PC/OneDrive/Documents/GitHub/CodingCamp-10August26-aldan/index.html, /c:/Users/PC/OneDrive/Documents/GitHub/CodingCamp-10August26-aldan/style.css, /c:/Users/PC/OneDrive/Documents/GitHub/CodingCamp-10August26-aldan/script.js in 968e8fe8-fde4-46eb-919b-31ec23b2c23c","conversationId":"sess_d44ec850-c718-405e-8d54-157c4b469284","turnId":"968e8fe8-fde4-46eb-919b-31ec23b2c23c","rootTurnId":"968e8fe8-fde4-46eb-919b-31ec23b2c23c"}
{"timestamp":"2026-08-14T11:46:04.119Z","level":"info","message":"[SessionPersistence] Updated metadata for session sess_d44ec850-c718-405e-8d54-157c4b469284","conversationId":"sess_d44ec850-c718-405e-8d54-157c4b469284","turnId":"968e8fe8-fde4-46eb-919b-31ec23b2c23c","rootTurnId":"968e8fe8-fde4-46eb-919b-31ec23b2c23c"}
{"timestamp":"2026-08-14T11:46:04.119Z","level":"info","message":"[q-developer-converse] Sending GenerateAssistantResponse modelId=auto agentMode=vibe origin=AI_EDITOR streaming=true conversationId=sess_d44ec850-c718-405e-8d54-157c4b469284","conversationId":"sess_d44ec850-c718-405e-8d54-157c4b469284","turnId":"968e8fe8-fde4-46eb-919b-31ec23b2c23c","rootTurnId":"968e8fe8-fde4-46eb-919b-31ec23b2c23c"}
{"timestamp":"2026-08-14T11:46:04.120Z","level":"info","message":"[q-developer-converse] Request payload: 124633 chars, 36 history messages, conversationId=sess_d44ec850-c718-405e-8d54-157c4b469284","conversationId":"sess_d44ec850-c718-405e-8d54-157c4b469284","turnId":"968e8fe8-fde4-46eb-919b-31ec23b2c23c","rootTurnId":"968e8fe8-fde4-46eb-919b-31ec23b2c23c"}
{"timestamp":"2026-08-14T11:46:05.254Z","level":"info","message":"network.getFeatureConfiguration.ok {\"system\":\"network\",\"durationMs\":1166}"}
{"timestamp":"2026-08-14T11:46:05.254Z","level":"info","message":"[ExperimentConfigService] Resolved {\"origin\":\"AI_EDITOR\",\"version\":\"1.0.288\",\"keyCount\":3}"}
{"timestamp":"2026-08-14T11:46:09.942Z","level":"info","message":"[AgentIterator] Synchronizing results","conversationId":"sess_d44ec850-c718-405e-8d54-157c4b469284","turnId":"968e8fe8-fde4-46eb-919b-31ec23b2c23c","rootTurnId":"968e8fe8-fde4-46eb-919b-31ec23b2c23c"}
{"timestamp":"2026-08-14T11:46:09.942Z","level":"info","message":"[AgentIterator] Processing intent detection result","conversationId":"sess_d44ec850-c718-405e-8d54-157c4b469284","turnId":"968e8fe8-fde4-46eb-919b-31ec23b2c23c","rootTurnId":"968e8fe8-fde4-46eb-919b-31ec23b2c23c"}
{"timestamp":"2026-08-14T11:46:09.943Z","level":"info","message":"[ChatAgent] Processing model response stream","conversationId":"sess_d44ec850-c718-405e-8d54-157c4b469284","turnId":"968e8fe8-fde4-46eb-919b-31ec23b2c23c","rootTurnId":"968e8fe8-fde4-46eb-919b-31ec23b2c23c"}
{"timestamp":"2026-08-14T11:46:09.943Z","level":"info","message":"[Steering] Populating steering for execution 968e8fe8-fde4-46eb-919b-31ec23b2c23c","conversationId":"sess_d44ec850-c718-405e-8d54-157c4b469284","turnId":"968e8fe8-fde4-46eb-919b-31ec23b2c23c","rootTurnId":"968e8fe8-fde4-46eb-919b-31ec23b2c23c"}
{"timestamp":"2026-08-14T11:46:09.943Z","level":"info","message":"[Steering] ExistingFiles: /c:/Users/PC/OneDrive/Documents/GitHub/CodingCamp-10August26-aldan/index.html, /c:/Users/PC/OneDrive/Documents/GitHub/CodingCamp-10August26-aldan/style.css, /c:/Users/PC/OneDrive/Documents/GitHub/CodingCamp-10August26-aldan/script.js in 968e8fe8-fde4-46eb-919b-31ec23b2c23c","conversationId":"sess_d44ec850-c718-405e-8d54-157c4b469284","turnId":"968e8fe8-fde4-46eb-919b-31ec23b2c23c","rootTurnId":"968e8fe8-fde4-46eb-919b-31ec23b2c23c"}
{"timestamp":"2026-08-14T11:46:10.510Z","level":"info","message":"fs.appendMessages.ok {\"system\":\"fs\",\"sessionId\":\"sess_d44ec850-c718-405e-8d54-157c4b469284\",\"messageCount\":1,\"durationMs\":3}","conversationId":"sess_d44ec850-c718-405e-8d54-157c4b469284","turnId":"968e8fe8-fde4-46eb-919b-31ec23b2c23c","rootTurnId":"968e8fe8-fde4-46eb-919b-31ec23b2c23c"}
{"timestamp":"2026-08-14T11:46:12.190Z","level":"info","message":"acp.policy-eval.complete {\"toolId\":\"read_files\",\"effect\":\"allow\",\"capability\":\"fs_read\"}","conversationId":"sess_d44ec850-c718-405e-8d54-157c4b469284","turnId":"968e8fe8-fde4-46eb-919b-31ec23b2c23c","rootTurnId":"968e8fe8-fde4-46eb-919b-31ec23b2c23c"}
{"timestamp":"2026-08-14T11:46:12.200Z","level":"info","message":"fs.appendMessages.ok {\"system\":\"fs\",\"sessionId\":\"sess_d44ec850-c718-405e-8d54-157c4b469284\",\"messageCount\":1,\"durationMs\":7}","conversationId":"sess_d44ec850-c718-405e-8d54-157c4b469284","turnId":"968e8fe8-fde4-46eb-919b-31ec23b2c23c","rootTurnId":"968e8fe8-fde4-46eb-919b-31ec23b2c23c"}
{"timestamp":"2026-08-14T11:46:12.215Z","level":"info","message":"[AgentIterator] Parallel invoking agent","conversationId":"sess_d44ec850-c718-405e-8d54-157c4b469284","turnId":"968e8fe8-fde4-46eb-919b-31ec23b2c23c","rootTurnId":"968e8fe8-fde4-46eb-919b-31ec23b2c23c"}
{"timestamp":"2026-08-14T11:46:12.215Z","level":"info","message":"[Steering] Populating steering for execution 968e8fe8-fde4-46eb-919b-31ec23b2c23c","conversationId":"sess_d44ec850-c718-405e-8d54-157c4b469284","turnId":"968e8fe8-fde4-46eb-919b-31ec23b2c23c","rootTurnId":"968e8fe8-fde4-46eb-919b-31ec23b2c23c"}
{"timestamp":"2026-08-14T11:46:12.215Z","level":"info","message":"[Steering] ExistingFiles: /c:/Users/PC/OneDrive/Documents/GitHub/CodingCamp-10August26-aldan/index.html, /c:/Users/PC/OneDrive/Documents/GitHub/CodingCamp-10August26-aldan/style.css, /c:/Users/PC/OneDrive/Documents/GitHub/CodingCamp-10August26-aldan/script.js, /c:/Users/PC/OneDrive/Documents/GitHub/CodingCamp-10August26-aldan/index.html, /c:/Users/PC/OneDrive/Documents/GitHub/CodingCamp-10August26-aldan/css/style.css, /c:/Users/PC/OneDrive/Documents/GitHub/CodingCamp-10August26-aldan/js/script.js in 968e8fe8-fde4-46eb-919b-31ec23b2c23c","conversationId":"sess_d44ec850-c718-405e-8d54-157c4b469284","turnId":"968e8fe8-fde4-46eb-919b-31ec23b2c23c","rootTurnId":"968e8fe8-fde4-46eb-919b-31ec23b2c23c"}
{"timestamp":"2026-08-14T11:46:12.220Z","level":"info","message":"[q-developer-converse] Sending GenerateAssistantResponse modelId=auto agentMode=vibe origin=AI_EDITOR streaming=true conversationId=sess_d44ec850-c718-405e-8d54-157c4b469284","conversationId":"sess_d44ec850-c718-405e-8d54-157c4b469284","turnId":"968e8fe8-fde4-46eb-919b-31ec23b2c23c","rootTurnId":"968e8fe8-fde4-46eb-919b-31ec23b2c23c"}
{"timestamp":"2026-08-14T11:46:12.221Z","level":"info","message":"[q-developer-converse] Request payload: 137116 chars, 38 history messages, conversationId=sess_d44ec850-c718-405e-8d54-157c4b469284","conversationId":"sess_d44ec850-c718-405e-8d54-157c4b469284","turnId":"968e8fe8-fde4-46eb-919b-31ec23b2c23c","rootTurnId":"968e8fe8-fde4-46eb-919b-31ec23b2c23c"}
{"timestamp":"2026-08-14T11:46:12.236Z","level":"info","message":"fs.appendMessages.ok {\"system\":\"fs\",\"sessionId\":\"sess_d44ec850-c718-405e-8d54-157c4b469284\",\"messageCount\":2,\"durationMs\":32}","conversationId":"sess_d44ec850-c718-405e-8d54-157c4b469284","turnId":"968e8fe8-fde4-46eb-919b-31ec23b2c23c","rootTurnId":"968e8fe8-fde4-46eb-919b-31ec23b2c23c"}
{"timestamp":"2026-08-14T11:46:15.435Z","level":"info","message":"[AgentIterator] Synchronizing results","conversationId":"sess_d44ec850-c718-405e-8d54-157c4b469284","turnId":"968e8fe8-fde4-46eb-919b-31ec23b2c23c","rootTurnId":"968e8fe8-fde4-46eb-919b-31ec23b2c23c"}
{"timestamp":"2026-08-14T11:46:15.435Z","level":"info","message":"[AgentIterator] Processing intent detection result","conversationId":"sess_d44ec850-c718-405e-8d54-157c4b469284","turnId":"968e8fe8-fde4-46eb-919b-31ec23b2c23c","rootTurnId":"968e8fe8-fde4-46eb-919b-31ec23b2c23c"}
{"timestamp":"2026-08-14T11:46:15.436Z","level":"info","message":"[ChatAgent] Processing model response stream","conversationId":"sess_d44ec850-c718-405e-8d54-157c4b469284","turnId":"968e8fe8-fde4-46eb-919b-31ec23b2c23c","rootTurnId":"968e8fe8-fde4-46eb-919b-31ec23b2c23c"}
{"timestamp":"2026-08-14T11:46:15.436Z","level":"info","message":"[Steering] Populating steering for execution 968e8fe8-fde4-46eb-919b-31ec23b2c23c","conversationId":"sess_d44ec850-c718-405e-8d54-157c4b469284","turnId":"968e8fe8-fde4-46eb-919b-31ec23b2c23c","rootTurnId":"968e8fe8-fde4-46eb-919b-31ec23b2c23c"}
{"timestamp":"2026-08-14T11:46:15.436Z","level":"info","message":"[Steering] ExistingFiles: /c:/Users/PC/OneDrive/Documents/GitHub/CodingCamp-10August26-aldan/index.html, /c:/Users/PC/OneDrive/Documents/GitHub/CodingCamp-10August26-aldan/style.css, /c:/Users/PC/OneDrive/Documents/GitHub/CodingCamp-10August26-aldan/script.js, /c:/Users/PC/OneDrive/Documents/GitHub/CodingCamp-10August26-aldan/index.html, /c:/Users/PC/OneDrive/Documents/GitHub/CodingCamp-10August26-aldan/css/style.css, /c:/Users/PC/OneDrive/Documents/GitHub/CodingCamp-10August26-aldan/js/script.js in 968e8fe8-fde4-46eb-919b-31ec23b2c23c","conversationId":"sess_d44ec850-c718-405e-8d54-157c4b469284","turnId":"968e8fe8-fde4-46eb-919b-31ec23b2c23c","rootTurnId":"968e8fe8-fde4-46eb-919b-31ec23b2c23c"}
{"timestamp":"2026-08-14T11:46:17.684Z","level":"info","message":"fs.appendMessages.ok {\"system\":\"fs\",\"sessionId\":\"sess_d44ec850-c718-405e-8d54-157c4b469284\",\"messageCount\":1,\"durationMs\":8}","conversationId":"sess_d44ec850-c718-405e-8d54-157c4b469284","turnId":"968e8fe8-fde4-46eb-919b-31ec23b2c23c","rootTurnId":"968e8fe8-fde4-46eb-919b-31ec23b2c23c"}
{"timestamp":"2026-08-14T11:46:21.121Z","level":"info","message":"[AgentIterator] Parallel invoking agent","conversationId":"sess_d44ec850-c718-405e-8d54-157c4b469284","turnId":"968e8fe8-fde4-46eb-919b-31ec23b2c23c","rootTurnId":"968e8fe8-fde4-46eb-919b-31ec23b2c23c"}
{"timestamp":"2026-08-14T11:46:21.121Z","level":"info","message":"[Steering] Populating steering for execution 968e8fe8-fde4-46eb-919b-31ec23b2c23c","conversationId":"sess_d44ec850-c718-405e-8d54-157c4b469284","turnId":"968e8fe8-fde4-46eb-919b-31ec23b2c23c","rootTurnId":"968e8fe8-fde4-46eb-919b-31ec23b2c23c"}
{"timestamp":"2026-08-14T11:46:21.121Z","level":"info","message":"[Steering] ExistingFiles: /c:/Users/PC/OneDrive/Documents/GitHub/CodingCamp-10August26-aldan/index.html, /c:/Users/PC/OneDrive/Documents/GitHub/CodingCamp-10August26-aldan/style.css, /c:/Users/PC/OneDrive/Documents/GitHub/CodingCamp-10August26-aldan/script.js, /c:/Users/PC/OneDrive/Documents/GitHub/CodingCamp-10August26-aldan/index.html, /c:/Users/PC/OneDrive/Documents/GitHub/CodingCamp-10August26-aldan/css/style.css, /c:/Users/PC/OneDrive/Documents/GitHub/CodingCamp-10August26-aldan/js/script.js in 968e8fe8-fde4-46eb-919b-31ec23b2c23c","conversationId":"sess_d44ec850-c718-405e-8d54-157c4b469284","turnId":"968e8fe8-fde4-46eb-919b-31ec23b2c23c","rootTurnId":"968e8fe8-fde4-46eb-919b-31ec23b2c23c"}
{"timestamp":"2026-08-14T11:46:21.125Z","level":"info","message":"Injecting todo list context into conversation","conversationId":"sess_d44ec850-c718-405e-8d54-157c4b469284","turnId":"968e8fe8-fde4-46eb-919b-31ec23b2c23c","rootTurnId":"968e8fe8-fde4-46eb-919b-31ec23b2c23c"}
{"timestamp":"2026-08-14T11:46:21.129Z","level":"info","message":"[q-developer-converse] Sending GenerateAssistantResponse modelId=auto agentMode=vibe origin=AI_EDITOR streaming=true conversationId=sess_d44ec850-c718-405e-8d54-157c4b469284","conversationId":"sess_d44ec850-c718-405e-8d54-157c4b469284","turnId":"968e8fe8-fde4-46eb-919b-31ec23b2c23c","rootTurnId":"968e8fe8-fde4-46eb-919b-31ec23b2c23c"}
{"timestamp":"2026-08-14T11:46:21.130Z","level":"info","message":"[q-developer-converse] Request payload: 139551 chars, 42 history messages, conversationId=sess_d44ec850-c718-405e-8d54-157c4b469284","conversationId":"sess_d44ec850-c718-405e-8d54-157c4b469284","turnId":"968e8fe8-fde4-46eb-919b-31ec23b2c23c","rootTurnId":"968e8fe8-fde4-46eb-919b-31ec23b2c23c"}
{"timestamp":"2026-08-14T11:46:21.145Z","level":"info","message":"fs.appendMessages.ok {\"system\":\"fs\",\"sessionId\":\"sess_d44ec850-c718-405e-8d54-157c4b469284\",\"messageCount\":2,\"durationMs\":30}","conversationId":"sess_d44ec850-c718-405e-8d54-157c4b469284","turnId":"968e8fe8-fde4-46eb-919b-31ec23b2c23c","rootTurnId":"968e8fe8-fde4-46eb-919b-31ec23b2c23c"}
{"timestamp":"2026-08-14T11:46:21.147Z","level":"info","message":"fs.appendMessages.ok {\"system\":\"fs\",\"sessionId\":\"sess_d44ec850-c718-405e-8d54-157c4b469284\",\"messageCount\":1,\"durationMs\":2}","conversationId":"sess_d44ec850-c718-405e-8d54-157c4b469284","turnId":"968e8fe8-fde4-46eb-919b-31ec23b2c23c","rootTurnId":"968e8fe8-fde4-46eb-919b-31ec23b2c23c"}
{"timestamp":"2026-08-14T11:46:24.211Z","level":"info","message":"[AgentIterator] Synchronizing results","conversationId":"sess_d44ec850-c718-405e-8d54-157c4b469284","turnId":"968e8fe8-fde4-46eb-919b-31ec23b2c23c","rootTurnId":"968e8fe8-fde4-46eb-919b-31ec23b2c23c"}
{"timestamp":"2026-08-14T11:46:24.211Z","level":"info","message":"[AgentIterator] Processing intent detection result","conversationId":"sess_d44ec850-c718-405e-8d54-157c4b469284","turnId":"968e8fe8-fde4-46eb-919b-31ec23b2c23c","rootTurnId":"968e8fe8-fde4-46eb-919b-31ec23b2c23c"}
{"timestamp":"2026-08-14T11:46:24.213Z","level":"info","message":"[ChatAgent] Processing model response stream","conversationId":"sess_d44ec850-c718-405e-8d54-157c4b469284","turnId":"968e8fe8-fde4-46eb-919b-31ec23b2c23c","rootTurnId":"968e8fe8-fde4-46eb-919b-31ec23b2c23c"}
{"timestamp":"2026-08-14T11:46:24.213Z","level":"info","message":"[Steering] Populating steering for execution 968e8fe8-fde4-46eb-919b-31ec23b2c23c","conversationId":"sess_d44ec850-c718-405e-8d54-157c4b469284","turnId":"968e8fe8-fde4-46eb-919b-31ec23b2c23c","rootTurnId":"968e8fe8-fde4-46eb-919b-31ec23b2c23c"}
{"timestamp":"2026-08-14T11:46:24.213Z","level":"info","message":"[Steering] ExistingFiles: /c:/Users/PC/OneDrive/Documents/GitHub/CodingCamp-10August26-aldan/index.html, /c:/Users/PC/OneDrive/Documents/GitHub/CodingCamp-10August26-aldan/style.css, /c:/Users/PC/OneDrive/Documents/GitHub/CodingCamp-10August26-aldan/script.js, /c:/Users/PC/OneDrive/Documents/GitHub/CodingCamp-10August26-aldan/index.html, /c:/Users/PC/OneDrive/Documents/GitHub/CodingCamp-10August26-aldan/css/style.css, /c:/Users/PC/OneDrive/Documents/GitHub/CodingCamp-10August26-aldan/js/script.js in 968e8fe8-fde4-46eb-919b-31ec23b2c23c","conversationId":"sess_d44ec850-c718-405e-8d54-157c4b469284","turnId":"968e8fe8-fde4-46eb-919b-31ec23b2c23c","rootTurnId":"968e8fe8-fde4-46eb-919b-31ec23b2c23c"}
{"timestamp":"2026-08-14T11:46:24.509Z","level":"info","message":"fs.appendMessages.ok {\"system\":\"fs\",\"sessionId\":\"sess_d44ec850-c718-405e-8d54-157c4b469284\",\"messageCount\":1,\"durationMs\":9}","conversationId":"sess_d44ec850-c718-405e-8d54-157c4b469284","turnId":"968e8fe8-fde4-46eb-919b-31ec23b2c23c","rootTurnId":"968e8fe8-fde4-46eb-919b-31ec23b2c23c"}
{"timestamp":"2026-08-14T11:46:37.200Z","level":"info","message":"fs.appendMessages.ok {\"system\":\"fs\",\"sessionId\":\"sess_d44ec850-c718-405e-8d54-157c4b469284\",\"messageCount\":1,\"durationMs\":10}","conversationId":"sess_d44ec850-c718-405e-8d54-157c4b469284","turnId":"968e8fe8-fde4-46eb-919b-31ec23b2c23c","rootTurnId":"968e8fe8-fde4-46eb-919b-31ec23b2c23c"}
{"timestamp":"2026-08-14T11:46:37.206Z","level":"info","message":"acp.policy-eval.complete {\"toolId\":\"fs_write\",\"effect\":\"allow\",\"capability\":\"fs_write\"}","conversationId":"sess_d44ec850-c718-405e-8d54-157c4b469284","turnId":"968e8fe8-fde4-46eb-919b-31ec23b2c23c","rootTurnId":"968e8fe8-fde4-46eb-919b-31ec23b2c23c"}
{"timestamp":"2026-08-14T11:46:37.216Z","level":"info","message":"[SessionPersistence] Snapshot deduplicated for index.html in session sess_d44ec850-c718-405e-8d54-157c4b469284 (reused eb50b066)","conversationId":"sess_d44ec850-c718-405e-8d54-157c4b469284","turnId":"968e8fe8-fde4-46eb-919b-31ec23b2c23c","rootTurnId":"968e8fe8-fde4-46eb-919b-31ec23b2c23c"}
{"timestamp":"2026-08-14T11:46:37.328Z","level":"info","message":"[SessionPersistence] Created snapshot 2a12d00c for index.html in session sess_d44ec850-c718-405e-8d54-157c4b469284 (3140 bytes)","conversationId":"sess_d44ec850-c718-405e-8d54-157c4b469284","turnId":"968e8fe8-fde4-46eb-919b-31ec23b2c23c","rootTurnId":"968e8fe8-fde4-46eb-919b-31ec23b2c23c"}
{"timestamp":"2026-08-14T11:46:37.336Z","level":"info","message":"[AgentIterator] Parallel invoking agent","conversationId":"sess_d44ec850-c718-405e-8d54-157c4b469284","turnId":"968e8fe8-fde4-46eb-919b-31ec23b2c23c","rootTurnId":"968e8fe8-fde4-46eb-919b-31ec23b2c23c"}
{"timestamp":"2026-08-14T11:46:37.336Z","level":"info","message":"[Steering] Populating steering for execution 968e8fe8-fde4-46eb-919b-31ec23b2c23c","conversationId":"sess_d44ec850-c718-405e-8d54-157c4b469284","turnId":"968e8fe8-fde4-46eb-919b-31ec23b2c23c","rootTurnId":"968e8fe8-fde4-46eb-919b-31ec23b2c23c"}
{"timestamp":"2026-08-14T11:46:37.336Z","level":"info","message":"[Steering] ExistingFiles: /c:/Users/PC/OneDrive/Documents/GitHub/CodingCamp-10August26-aldan/index.html, /c:/Users/PC/OneDrive/Documents/GitHub/CodingCamp-10August26-aldan/style.css, /c:/Users/PC/OneDrive/Documents/GitHub/CodingCamp-10August26-aldan/script.js, /c:/Users/PC/OneDrive/Documents/GitHub/CodingCamp-10August26-aldan/index.html, /c:/Users/PC/OneDrive/Documents/GitHub/CodingCamp-10August26-aldan/css/style.css, /c:/Users/PC/OneDrive/Documents/GitHub/CodingCamp-10August26-aldan/js/script.js in 968e8fe8-fde4-46eb-919b-31ec23b2c23c","conversationId":"sess_d44ec850-c718-405e-8d54-157c4b469284","turnId":"968e8fe8-fde4-46eb-919b-31ec23b2c23c","rootTurnId":"968e8fe8-fde4-46eb-919b-31ec23b2c23c"}
{"timestamp":"2026-08-14T11:46:37.341Z","level":"info","message":"fs.appendMessages.ok {\"system\":\"fs\",\"sessionId\":\"sess_d44ec850-c718-405e-8d54-157c4b469284\",\"messageCount\":2,\"durationMs\":13}","conversationId":"sess_d44ec850-c718-405e-8d54-157c4b469284","turnId":"968e8fe8-fde4-46eb-919b-31ec23b2c23c","rootTurnId":"968e8fe8-fde4-46eb-919b-31ec23b2c23c"}
{"timestamp":"2026-08-14T11:46:37.341Z","level":"info","message":"[q-developer-converse] Sending GenerateAssistantResponse modelId=auto agentMode=vibe origin=AI_EDITOR streaming=true conversationId=sess_d44ec850-c718-405e-8d54-157c4b469284","conversationId":"sess_d44ec850-c718-405e-8d54-157c4b469284","turnId":"968e8fe8-fde4-46eb-919b-31ec23b2c23c","rootTurnId":"968e8fe8-fde4-46eb-919b-31ec23b2c23c"}
{"timestamp":"2026-08-14T11:46:37.342Z","level":"info","message":"[q-developer-converse] Request payload: 143379 chars, 44 history messages, conversationId=sess_d44ec850-c718-405e-8d54-157c4b469284","conversationId":"sess_d44ec850-c718-405e-8d54-157c4b469284","turnId":"968e8fe8-fde4-46eb-919b-31ec23b2c23c","rootTurnId":"968e8fe8-fde4-46eb-919b-31ec23b2c23c"}
{"timestamp":"2026-08-14T11:46:40.543Z","level":"info","message":"[AgentIterator] Synchronizing results","conversationId":"sess_d44ec850-c718-405e-8d54-157c4b469284","turnId":"968e8fe8-fde4-46eb-919b-31ec23b2c23c","rootTurnId":"968e8fe8-fde4-46eb-919b-31ec23b2c23c"}
{"timestamp":"2026-08-14T11:46:40.543Z","level":"info","message":"[AgentIterator] Processing intent detection result","conversationId":"sess_d44ec850-c718-405e-8d54-157c4b469284","turnId":"968e8fe8-fde4-46eb-919b-31ec23b2c23c","rootTurnId":"968e8fe8-fde4-46eb-919b-31ec23b2c23c"}
{"timestamp":"2026-08-14T11:46:40.544Z","level":"info","message":"[ChatAgent] Processing model response stream","conversationId":"sess_d44ec850-c718-405e-8d54-157c4b469284","turnId":"968e8fe8-fde4-46eb-919b-31ec23b2c23c","rootTurnId":"968e8fe8-fde4-46eb-919b-31ec23b2c23c"}
{"timestamp":"2026-08-14T11:46:40.544Z","level":"info","message":"[Steering] Populating steering for execution 968e8fe8-fde4-46eb-919b-31ec23b2c23c","conversationId":"sess_d44ec850-c718-405e-8d54-157c4b469284","turnId":"968e8fe8-fde4-46eb-919b-31ec23b2c23c","rootTurnId":"968e8fe8-fde4-46eb-919b-31ec23b2c23c"}
{"timestamp":"2026-08-14T11:46:40.545Z","level":"info","message":"[Steering] ExistingFiles: /c:/Users/PC/OneDrive/Documents/GitHub/CodingCamp-10August26-aldan/index.html, /c:/Users/PC/OneDrive/Documents/GitHub/CodingCamp-10August26-aldan/style.css, /c:/Users/PC/OneDrive/Documents/GitHub/CodingCamp-10August26-aldan/script.js, /c:/Users/PC/OneDrive/Documents/GitHub/CodingCamp-10August26-aldan/index.html, /c:/Users/PC/OneDrive/Documents/GitHub/CodingCamp-10August26-aldan/css/style.css, /c:/Users/PC/OneDrive/Documents/GitHub/CodingCamp-10August26-aldan/js/script.js in 968e8fe8-fde4-46eb-919b-31ec23b2c23c","conversationId":"sess_d44ec850-c718-405e-8d54-157c4b469284","turnId":"968e8fe8-fde4-46eb-919b-31ec23b2c23c","rootTurnId":"968e8fe8-fde4-46eb-919b-31ec23b2c23c"}
{"timestamp":"2026-08-14T11:47:17.844Z","level":"info","message":"fs.appendMessages.ok {\"system\":\"fs\",\"sessionId\":\"sess_d44ec850-c718-405e-8d54-157c4b469284\",\"messageCount\":1,\"durationMs\":10}","conversationId":"sess_d44ec850-c718-405e-8d54-157c4b469284","turnId":"968e8fe8-fde4-46eb-919b-31ec23b2c23c","rootTurnId":"968e8fe8-fde4-46eb-919b-31ec23b2c23c"}
{"timestamp":"2026-08-14T11:47:17.851Z","level":"info","message":"acp.policy-eval.complete {\"toolId\":\"fs_write\",\"effect\":\"allow\",\"capability\":\"fs_write\"}","conversationId":"sess_d44ec850-c718-405e-8d54-157c4b469284","turnId":"968e8fe8-fde4-46eb-919b-31ec23b2c23c","rootTurnId":"968e8fe8-fde4-46eb-919b-31ec23b2c23c"}
{"timestamp":"2026-08-14T11:47:17.877Z","level":"info","message":"[SessionPersistence] Created snapshot 843fa742 for css/style.css in session sess_d44ec850-c718-405e-8d54-157c4b469284 (3318 bytes)","conversationId":"sess_d44ec850-c718-405e-8d54-157c4b469284","turnId":"968e8fe8-fde4-46eb-919b-31ec23b2c23c","rootTurnId":"968e8fe8-fde4-46eb-919b-31ec23b2c23c"}
{"timestamp":"2026-08-14T11:47:18.230Z","level":"info","message":"[SessionPersistence] Created snapshot 88fa7668 for css/style.css in session sess_d44ec850-c718-405e-8d54-157c4b469284 (10498 bytes)","conversationId":"sess_d44ec850-c718-405e-8d54-157c4b469284","turnId":"968e8fe8-fde4-46eb-919b-31ec23b2c23c","rootTurnId":"968e8fe8-fde4-46eb-919b-31ec23b2c23c"}
{"timestamp":"2026-08-14T11:47:18.238Z","level":"info","message":"[AgentIterator] Parallel invoking agent","conversationId":"sess_d44ec850-c718-405e-8d54-157c4b469284","turnId":"968e8fe8-fde4-46eb-919b-31ec23b2c23c","rootTurnId":"968e8fe8-fde4-46eb-919b-31ec23b2c23c"}
{"timestamp":"2026-08-14T11:47:18.238Z","level":"info","message":"[Steering] Populating steering for execution 968e8fe8-fde4-46eb-919b-31ec23b2c23c","conversationId":"sess_d44ec850-c718-405e-8d54-157c4b469284","turnId":"968e8fe8-fde4-46eb-919b-31ec23b2c23c","rootTurnId":"968e8fe8-fde4-46eb-919b-31ec23b2c23c"}
{"timestamp":"2026-08-14T11:47:18.239Z","level":"info","message":"[Steering] ExistingFiles: /c:/Users/PC/OneDrive/Documents/GitHub/CodingCamp-10August26-aldan/index.html, /c:/Users/PC/OneDrive/Documents/GitHub/CodingCamp-10August26-aldan/style.css, /c:/Users/PC/OneDrive/Documents/GitHub/CodingCamp-10August26-aldan/script.js, /c:/Users/PC/OneDrive/Documents/GitHub/CodingCamp-10August26-aldan/index.html, /c:/Users/PC/OneDrive/Documents/GitHub/CodingCamp-10August26-aldan/css/style.css, /c:/Users/PC/OneDrive/Documents/GitHub/CodingCamp-10August26-aldan/js/script.js in 968e8fe8-fde4-46eb-919b-31ec23b2c23c","conversationId":"sess_d44ec850-c718-405e-8d54-157c4b469284","turnId":"968e8fe8-fde4-46eb-919b-31ec23b2c23c","rootTurnId":"968e8fe8-fde4-46eb-919b-31ec23b2c23c"}
{"timestamp":"2026-08-14T11:47:18.251Z","level":"info","message":"[q-developer-converse] Sending GenerateAssistantResponse modelId=auto agentMode=vibe origin=AI_EDITOR streaming=true conversationId=sess_d44ec850-c718-405e-8d54-157c4b469284","conversationId":"sess_d44ec850-c718-405e-8d54-157c4b469284","turnId":"968e8fe8-fde4-46eb-919b-31ec23b2c23c","rootTurnId":"968e8fe8-fde4-46eb-919b-31ec23b2c23c"}
{"timestamp":"2026-08-14T11:47:18.251Z","level":"info","message":"[q-developer-converse] Request payload: 153069 chars, 46 history messages, conversationId=sess_d44ec850-c718-405e-8d54-157c4b469284","conversationId":"sess_d44ec850-c718-405e-8d54-157c4b469284","turnId":"968e8fe8-fde4-46eb-919b-31ec23b2c23c","rootTurnId":"968e8fe8-fde4-46eb-919b-31ec23b2c23c"}
{"timestamp":"2026-08-14T11:47:18.270Z","level":"info","message":"fs.appendMessages.ok {\"system\":\"fs\",\"sessionId\":\"sess_d44ec850-c718-405e-8d54-157c4b469284\",\"messageCount\":2,\"durationMs\":39}","conversationId":"sess_d44ec850-c718-405e-8d54-157c4b469284","turnId":"968e8fe8-fde4-46eb-919b-31ec23b2c23c","rootTurnId":"968e8fe8-fde4-46eb-919b-31ec23b2c23c"}
{"timestamp":"2026-08-14T11:47:21.425Z","level":"info","message":"[AgentIterator] Synchronizing results","conversationId":"sess_d44ec850-c718-405e-8d54-157c4b469284","turnId":"968e8fe8-fde4-46eb-919b-31ec23b2c23c","rootTurnId":"968e8fe8-fde4-46eb-919b-31ec23b2c23c"}
{"timestamp":"2026-08-14T11:47:21.425Z","level":"info","message":"[AgentIterator] Processing intent detection result","conversationId":"sess_d44ec850-c718-405e-8d54-157c4b469284","turnId":"968e8fe8-fde4-46eb-919b-31ec23b2c23c","rootTurnId":"968e8fe8-fde4-46eb-919b-31ec23b2c23c"}
{"timestamp":"2026-08-14T11:47:21.426Z","level":"info","message":"[ChatAgent] Processing model response stream","conversationId":"sess_d44ec850-c718-405e-8d54-157c4b469284","turnId":"968e8fe8-fde4-46eb-919b-31ec23b2c23c","rootTurnId":"968e8fe8-fde4-46eb-919b-31ec23b2c23c"}
{"timestamp":"2026-08-14T11:47:21.426Z","level":"info","message":"[Steering] Populating steering for execution 968e8fe8-fde4-46eb-919b-31ec23b2c23c","conversationId":"sess_d44ec850-c718-405e-8d54-157c4b469284","turnId":"968e8fe8-fde4-46eb-919b-31ec23b2c23c","rootTurnId":"968e8fe8-fde4-46eb-919b-31ec23b2c23c"}
{"timestamp":"2026-08-14T11:47:21.426Z","level":"info","message":"[Steering] ExistingFiles: /c:/Users/PC/OneDrive/Documents/GitHub/CodingCamp-10August26-aldan/index.html, /c:/Users/PC/OneDrive/Documents/GitHub/CodingCamp-10August26-aldan/style.css, /c:/Users/PC/OneDrive/Documents/GitHub/CodingCamp-10August26-aldan/script.js, /c:/Users/PC/OneDrive/Documents/GitHub/CodingCamp-10August26-aldan/index.html, /c:/Users/PC/OneDrive/Documents/GitHub/CodingCamp-10August26-aldan/css/style.css, /c:/Users/PC/OneDrive/Documents/GitHub/CodingCamp-10August26-aldan/js/script.js in 968e8fe8-fde4-46eb-919b-31ec23b2c23c","conversationId":"sess_d44ec850-c718-405e-8d54-157c4b469284","turnId":"968e8fe8-fde4-46eb-919b-31ec23b2c23c","rootTurnId":"968e8fe8-fde4-46eb-919b-31ec23b2c23c"}
{"timestamp":"2026-08-14T11:48:05.300Z","level":"info","message":"fs.appendMessages.ok {\"system\":\"fs\",\"sessionId\":\"sess_d44ec850-c718-405e-8d54-157c4b469284\",\"messageCount\":1,\"durationMs\":8}","conversationId":"sess_d44ec850-c718-405e-8d54-157c4b469284","turnId":"968e8fe8-fde4-46eb-919b-31ec23b2c23c","rootTurnId":"968e8fe8-fde4-46eb-919b-31ec23b2c23c"}
{"timestamp":"2026-08-14T11:48:05.304Z","level":"info","message":"acp.policy-eval.complete {\"toolId\":\"fs_write\",\"effect\":\"allow\",\"capability\":\"fs_write\"}","conversationId":"sess_d44ec850-c718-405e-8d54-157c4b469284","turnId":"968e8fe8-fde4-46eb-919b-31ec23b2c23c","rootTurnId":"968e8fe8-fde4-46eb-919b-31ec23b2c23c"}
{"timestamp":"2026-08-14T11:48:05.312Z","level":"info","message":"[SessionPersistence] Created snapshot ddbdf0bb for js/script.js in session sess_d44ec850-c718-405e-8d54-157c4b469284 (6993 bytes)","conversationId":"sess_d44ec850-c718-405e-8d54-157c4b469284","turnId":"968e8fe8-fde4-46eb-919b-31ec23b2c23c","rootTurnId":"968e8fe8-fde4-46eb-919b-31ec23b2c23c"}
{"timestamp":"2026-08-14T11:48:05.376Z","level":"info","message":"[SessionPersistence] Created snapshot 1cdd1e51 for js/script.js in session sess_d44ec850-c718-405e-8d54-157c4b469284 (12716 bytes)","conversationId":"sess_d44ec850-c718-405e-8d54-157c4b469284","turnId":"968e8fe8-fde4-46eb-919b-31ec23b2c23c","rootTurnId":"968e8fe8-fde4-46eb-919b-31ec23b2c23c"}
{"timestamp":"2026-08-14T11:48:05.385Z","level":"info","message":"[AgentIterator] Parallel invoking agent","conversationId":"sess_d44ec850-c718-405e-8d54-157c4b469284","turnId":"968e8fe8-fde4-46eb-919b-31ec23b2c23c","rootTurnId":"968e8fe8-fde4-46eb-919b-31ec23b2c23c"}
{"timestamp":"2026-08-14T11:48:05.385Z","level":"info","message":"[Steering] Populating steering for execution 968e8fe8-fde4-46eb-919b-31ec23b2c23c","conversationId":"sess_d44ec850-c718-405e-8d54-157c4b469284","turnId":"968e8fe8-fde4-46eb-919b-31ec23b2c23c","rootTurnId":"968e8fe8-fde4-46eb-919b-31ec23b2c23c"}
{"timestamp":"2026-08-14T11:48:05.385Z","level":"info","message":"[Steering] ExistingFiles: /c:/Users/PC/OneDrive/Documents/GitHub/CodingCamp-10August26-aldan/index.html, /c:/Users/PC/OneDrive/Documents/GitHub/CodingCamp-10August26-aldan/style.css, /c:/Users/PC/OneDrive/Documents/GitHub/CodingCamp-10August26-aldan/script.js, /c:/Users/PC/OneDrive/Documents/GitHub/CodingCamp-10August26-aldan/index.html, /c:/Users/PC/OneDrive/Documents/GitHub/CodingCamp-10August26-aldan/css/style.css, /c:/Users/PC/OneDrive/Documents/GitHub/CodingCamp-10August26-aldan/js/script.js in 968e8fe8-fde4-46eb-919b-31ec23b2c23c","conversationId":"sess_d44ec850-c718-405e-8d54-157c4b469284","turnId":"968e8fe8-fde4-46eb-919b-31ec23b2c23c","rootTurnId":"968e8fe8-fde4-46eb-919b-31ec23b2c23c"}
{"timestamp":"2026-08-14T11:48:05.392Z","level":"info","message":"[q-developer-converse] Sending GenerateAssistantResponse modelId=auto agentMode=vibe origin=AI_EDITOR streaming=true conversationId=sess_d44ec850-c718-405e-8d54-157c4b469284","conversationId":"sess_d44ec850-c718-405e-8d54-157c4b469284","turnId":"968e8fe8-fde4-46eb-919b-31ec23b2c23c","rootTurnId":"968e8fe8-fde4-46eb-919b-31ec23b2c23c"}
{"timestamp":"2026-08-14T11:48:05.393Z","level":"info","message":"[q-developer-converse] Request payload: 166010 chars, 48 history messages, conversationId=sess_d44ec850-c718-405e-8d54-157c4b469284","conversationId":"sess_d44ec850-c718-405e-8d54-157c4b469284","turnId":"968e8fe8-fde4-46eb-919b-31ec23b2c23c","rootTurnId":"968e8fe8-fde4-46eb-919b-31ec23b2c23c"}
{"timestamp":"2026-08-14T11:48:05.409Z","level":"info","message":"fs.appendMessages.ok {\"system\":\"fs\",\"sessionId\":\"sess_d44ec850-c718-405e-8d54-157c4b469284\",\"messageCount\":2,\"durationMs\":32}","conversationId":"sess_d44ec850-c718-405e-8d54-157c4b469284","turnId":"968e8fe8-fde4-46eb-919b-31ec23b2c23c","rootTurnId":"968e8fe8-fde4-46eb-919b-31ec23b2c23c"}
{"timestamp":"2026-08-14T11:48:08.554Z","level":"info","message":"[AgentIterator] Synchronizing results","conversationId":"sess_d44ec850-c718-405e-8d54-157c4b469284","turnId":"968e8fe8-fde4-46eb-919b-31ec23b2c23c","rootTurnId":"968e8fe8-fde4-46eb-919b-31ec23b2c23c"}
{"timestamp":"2026-08-14T11:48:08.554Z","level":"info","message":"[AgentIterator] Processing intent detection result","conversationId":"sess_d44ec850-c718-405e-8d54-157c4b469284","turnId":"968e8fe8-fde4-46eb-919b-31ec23b2c23c","rootTurnId":"968e8fe8-fde4-46eb-919b-31ec23b2c23c"}
{"timestamp":"2026-08-14T11:48:08.554Z","level":"info","message":"[ChatAgent] Processing model response stream","conversationId":"sess_d44ec850-c718-405e-8d54-157c4b469284","turnId":"968e8fe8-fde4-46eb-919b-31ec23b2c23c","rootTurnId":"968e8fe8-fde4-46eb-919b-31ec23b2c23c"}
{"timestamp":"2026-08-14T11:48:08.554Z","level":"info","message":"[Steering] Populating steering for execution 968e8fe8-fde4-46eb-919b-31ec23b2c23c","conversationId":"sess_d44ec850-c718-405e-8d54-157c4b469284","turnId":"968e8fe8-fde4-46eb-919b-31ec23b2c23c","rootTurnId":"968e8fe8-fde4-46eb-919b-31ec23b2c23c"}
{"timestamp":"2026-08-14T11:48:08.554Z","level":"info","message":"[Steering] ExistingFiles: /c:/Users/PC/OneDrive/Documents/GitHub/CodingCamp-10August26-aldan/index.html, /c:/Users/PC/OneDrive/Documents/GitHub/CodingCamp-10August26-aldan/style.css, /c:/Users/PC/OneDrive/Documents/GitHub/CodingCamp-10August26-aldan/script.js, /c:/Users/PC/OneDrive/Documents/GitHub/CodingCamp-10August26-aldan/index.html, /c:/Users/PC/OneDrive/Documents/GitHub/CodingCamp-10August26-aldan/css/style.css, /c:/Users/PC/OneDrive/Documents/GitHub/CodingCamp-10August26-aldan/js/script.js in 968e8fe8-fde4-46eb-919b-31ec23b2c23c","conversationId":"sess_d44ec850-c718-405e-8d54-157c4b469284","turnId":"968e8fe8-fde4-46eb-919b-31ec23b2c23c","rootTurnId":"968e8fe8-fde4-46eb-919b-31ec23b2c23c"}
{"timestamp":"2026-08-14T11:48:09.317Z","level":"info","message":"fs.appendMessages.ok {\"system\":\"fs\",\"sessionId\":\"sess_d44ec850-c718-405e-8d54-157c4b469284\",\"messageCount\":1,\"durationMs\":2}","conversationId":"sess_d44ec850-c718-405e-8d54-157c4b469284","turnId":"968e8fe8-fde4-46eb-919b-31ec23b2c23c","rootTurnId":"968e8fe8-fde4-46eb-919b-31ec23b2c23c"}
{"timestamp":"2026-08-14T11:48:13.872Z","level":"info","message":"[ACPEventAdapter] Execution yielded {\"executionId\":\"968e8fe8-fde4-46eb-919b-31ec23b2c23c\"}","conversationId":"sess_d44ec850-c718-405e-8d54-157c4b469284","turnId":"968e8fe8-fde4-46eb-919b-31ec23b2c23c","rootTurnId":"968e8fe8-fde4-46eb-919b-31ec23b2c23c"}
{"timestamp":"2026-08-14T11:48:13.890Z","level":"info","message":"acp.policy-eval.complete {\"toolId\":\"run_command\",\"effect\":\"ask\"}","conversationId":"sess_d44ec850-c718-405e-8d54-157c4b469284","turnId":"968e8fe8-fde4-46eb-919b-31ec23b2c23c","rootTurnId":"968e8fe8-fde4-46eb-919b-31ec23b2c23c"}
{"timestamp":"2026-08-14T11:48:13.899Z","level":"info","message":"[ACP ToolApproval] Requesting permission for toolId=run_command, operationId=run_command_tooluse_VOmdvRItLRlG1IQcgjBzYU, sessionId=sess_d44ec850-c718-405e-8d54-157c4b469284","conversationId":"sess_d44ec850-c718-405e-8d54-157c4b469284","turnId":"968e8fe8-fde4-46eb-919b-31ec23b2c23c","rootTurnId":"968e8fe8-fde4-46eb-919b-31ec23b2c23c"}
{"timestamp":"2026-08-14T11:48:13.907Z","level":"info","message":"fs.appendMessages.ok {\"system\":\"fs\",\"sessionId\":\"sess_d44ec850-c718-405e-8d54-157c4b469284\",\"messageCount\":1,\"durationMs\":8}","conversationId":"sess_d44ec850-c718-405e-8d54-157c4b469284","turnId":"968e8fe8-fde4-46eb-919b-31ec23b2c23c","rootTurnId":"968e8fe8-fde4-46eb-919b-31ec23b2c23c"}
{"timestamp":"2026-08-14T11:48:13.911Z","level":"info","message":"fs.appendMessages.ok {\"system\":\"fs\",\"sessionId\":\"sess_d44ec850-c718-405e-8d54-157c4b469284\",\"messageCount\":1,\"durationMs\":5}","conversationId":"sess_d44ec850-c718-405e-8d54-157c4b469284","turnId":"968e8fe8-fde4-46eb-919b-31ec23b2c23c","rootTurnId":"968e8fe8-fde4-46eb-919b-31ec23b2c23c"}
{"timestamp":"2026-08-14T11:48:13.913Z","level":"info","message":"fs.appendMessages.ok {\"system\":\"fs\",\"sessionId\":\"sess_d44ec850-c718-405e-8d54-157c4b469284\",\"messageCount\":1,\"durationMs\":2}","conversationId":"sess_d44ec850-c718-405e-8d54-157c4b469284","turnId":"968e8fe8-fde4-46eb-919b-31ec23b2c23c","rootTurnId":"968e8fe8-fde4-46eb-919b-31ec23b2c23c"}
{"timestamp":"2026-08-14T11:48:18.727Z","level":"info","message":"fs.appendMessages.ok {\"system\":\"fs\",\"sessionId\":\"sess_d44ec850-c718-405e-8d54-157c4b469284\",\"messageCount\":1,\"durationMs\":3}","conversationId":"sess_d44ec850-c718-405e-8d54-157c4b469284","turnId":"968e8fe8-fde4-46eb-919b-31ec23b2c23c","rootTurnId":"968e8fe8-fde4-46eb-919b-31ec23b2c23c"}
{"timestamp":"2026-08-14T11:48:18.727Z","level":"info","message":"[ACP ToolApproval] Got response: {\"optionId\":\"accept\",\"outcome\":\"selected\"}","conversationId":"sess_d44ec850-c718-405e-8d54-157c4b469284","turnId":"968e8fe8-fde4-46eb-919b-31ec23b2c23c","rootTurnId":"968e8fe8-fde4-46eb-919b-31ec23b2c23c"}
{"timestamp":"2026-08-14T11:48:18.728Z","level":"info","message":"[ACPEventAdapter] Execution resumed {\"executionId\":\"968e8fe8-fde4-46eb-919b-31ec23b2c23c\"}","conversationId":"sess_d44ec850-c718-405e-8d54-157c4b469284","turnId":"968e8fe8-fde4-46eb-919b-31ec23b2c23c","rootTurnId":"968e8fe8-fde4-46eb-919b-31ec23b2c23c"}
{"timestamp":"2026-08-14T11:48:18.962Z","level":"info","message":"[AgentIterator] Parallel invoking agent","conversationId":"sess_d44ec850-c718-405e-8d54-157c4b469284","turnId":"968e8fe8-fde4-46eb-919b-31ec23b2c23c","rootTurnId":"968e8fe8-fde4-46eb-919b-31ec23b2c23c"}
{"timestamp":"2026-08-14T11:48:18.962Z","level":"info","message":"[Steering] Populating steering for execution 968e8fe8-fde4-46eb-919b-31ec23b2c23c","conversationId":"sess_d44ec850-c718-405e-8d54-157c4b469284","turnId":"968e8fe8-fde4-46eb-919b-31ec23b2c23c","rootTurnId":"968e8fe8-fde4-46eb-919b-31ec23b2c23c"}
{"timestamp":"2026-08-14T11:48:18.962Z","level":"info","message":"[Steering] ExistingFiles: /c:/Users/PC/OneDrive/Documents/GitHub/CodingCamp-10August26-aldan/index.html, /c:/Users/PC/OneDrive/Documents/GitHub/CodingCamp-10August26-aldan/style.css, /c:/Users/PC/OneDrive/Documents/GitHub/CodingCamp-10August26-aldan/script.js, /c:/Users/PC/OneDrive/Documents/GitHub/CodingCamp-10August26-aldan/index.html, /c:/Users/PC/OneDrive/Documents/GitHub/CodingCamp-10August26-aldan/css/style.css, /c:/Users/PC/OneDrive/Documents/GitHub/CodingCamp-10August26-aldan/js/script.js in 968e8fe8-fde4-46eb-919b-31ec23b2c23c","conversationId":"sess_d44ec850-c718-405e-8d54-157c4b469284","turnId":"968e8fe8-fde4-46eb-919b-31ec23b2c23c","rootTurnId":"968e8fe8-fde4-46eb-919b-31ec23b2c23c"}
{"timestamp":"2026-08-14T11:48:18.968Z","level":"info","message":"fs.appendMessages.ok {\"system\":\"fs\",\"sessionId\":\"sess_d44ec850-c718-405e-8d54-157c4b469284\",\"messageCount\":2,\"durationMs\":12}","conversationId":"sess_d44ec850-c718-405e-8d54-157c4b469284","turnId":"968e8fe8-fde4-46eb-919b-31ec23b2c23c","rootTurnId":"968e8fe8-fde4-46eb-919b-31ec23b2c23c"}
{"timestamp":"2026-08-14T11:48:18.968Z","level":"info","message":"[q-developer-converse] Sending GenerateAssistantResponse modelId=auto agentMode=vibe origin=AI_EDITOR streaming=true conversationId=sess_d44ec850-c718-405e-8d54-157c4b469284","conversationId":"sess_d44ec850-c718-405e-8d54-157c4b469284","turnId":"968e8fe8-fde4-46eb-919b-31ec23b2c23c","rootTurnId":"968e8fe8-fde4-46eb-919b-31ec23b2c23c"}
{"timestamp":"2026-08-14T11:48:18.969Z","level":"info","message":"[q-developer-converse] Request payload: 168181 chars, 50 history messages, conversationId=sess_d44ec850-c718-405e-8d54-157c4b469284","conversationId":"sess_d44ec850-c718-405e-8d54-157c4b469284","turnId":"968e8fe8-fde4-46eb-919b-31ec23b2c23c","rootTurnId":"968e8fe8-fde4-46eb-919b-31ec23b2c23c"}
{"timestamp":"2026-08-14T11:48:22.125Z","level":"info","message":"[AgentIterator] Synchronizing results","conversationId":"sess_d44ec850-c718-405e-8d54-157c4b469284","turnId":"968e8fe8-fde4-46eb-919b-31ec23b2c23c","rootTurnId":"968e8fe8-fde4-46eb-919b-31ec23b2c23c"}
{"timestamp":"2026-08-14T11:48:22.125Z","level":"info","message":"[AgentIterator] Processing intent detection result","conversationId":"sess_d44ec850-c718-405e-8d54-157c4b469284","turnId":"968e8fe8-fde4-46eb-919b-31ec23b2c23c","rootTurnId":"968e8fe8-fde4-46eb-919b-31ec23b2c23c"}
{"timestamp":"2026-08-14T11:48:22.126Z","level":"info","message":"[ChatAgent] Processing model response stream","conversationId":"sess_d44ec850-c718-405e-8d54-157c4b469284","turnId":"968e8fe8-fde4-46eb-919b-31ec23b2c23c","rootTurnId":"968e8fe8-fde4-46eb-919b-31ec23b2c23c"}
{"timestamp":"2026-08-14T11:48:22.126Z","level":"info","message":"[Steering] Populating steering for execution 968e8fe8-fde4-46eb-919b-31ec23b2c23c","conversationId":"sess_d44ec850-c718-405e-8d54-157c4b469284","turnId":"968e8fe8-fde4-46eb-919b-31ec23b2c23c","rootTurnId":"968e8fe8-fde4-46eb-919b-31ec23b2c23c"}
{"timestamp":"2026-08-14T11:48:22.126Z","level":"info","message":"[Steering] ExistingFiles: /c:/Users/PC/OneDrive/Documents/GitHub/CodingCamp-10August26-aldan/index.html, /c:/Users/PC/OneDrive/Documents/GitHub/CodingCamp-10August26-aldan/style.css, /c:/Users/PC/OneDrive/Documents/GitHub/CodingCamp-10August26-aldan/script.js, /c:/Users/PC/OneDrive/Documents/GitHub/CodingCamp-10August26-aldan/index.html, /c:/Users/PC/OneDrive/Documents/GitHub/CodingCamp-10August26-aldan/css/style.css, /c:/Users/PC/OneDrive/Documents/GitHub/CodingCamp-10August26-aldan/js/script.js in 968e8fe8-fde4-46eb-919b-31ec23b2c23c","conversationId":"sess_d44ec850-c718-405e-8d54-157c4b469284","turnId":"968e8fe8-fde4-46eb-919b-31ec23b2c23c","rootTurnId":"968e8fe8-fde4-46eb-919b-31ec23b2c23c"}
{"timestamp":"2026-08-14T11:48:22.804Z","level":"info","message":"fs.appendMessages.ok {\"system\":\"fs\",\"sessionId\":\"sess_d44ec850-c718-405e-8d54-157c4b469284\",\"messageCount\":1,\"durationMs\":128}","conversationId":"sess_d44ec850-c718-405e-8d54-157c4b469284","turnId":"968e8fe8-fde4-46eb-919b-31ec23b2c23c","rootTurnId":"968e8fe8-fde4-46eb-919b-31ec23b2c23c"}
{"timestamp":"2026-08-14T11:48:25.519Z","level":"info","message":"[AgentIterator] Parallel invoking agent","conversationId":"sess_d44ec850-c718-405e-8d54-157c4b469284","turnId":"968e8fe8-fde4-46eb-919b-31ec23b2c23c","rootTurnId":"968e8fe8-fde4-46eb-919b-31ec23b2c23c"}
{"timestamp":"2026-08-14T11:48:25.519Z","level":"info","message":"[Steering] Populating steering for execution 968e8fe8-fde4-46eb-919b-31ec23b2c23c","conversationId":"sess_d44ec850-c718-405e-8d54-157c4b469284","turnId":"968e8fe8-fde4-46eb-919b-31ec23b2c23c","rootTurnId":"968e8fe8-fde4-46eb-919b-31ec23b2c23c"}
{"timestamp":"2026-08-14T11:48:25.519Z","level":"info","message":"[Steering] ExistingFiles: /c:/Users/PC/OneDrive/Documents/GitHub/CodingCamp-10August26-aldan/index.html, /c:/Users/PC/OneDrive/Documents/GitHub/CodingCamp-10August26-aldan/style.css, /c:/Users/PC/OneDrive/Documents/GitHub/CodingCamp-10August26-aldan/script.js, /c:/Users/PC/OneDrive/Documents/GitHub/CodingCamp-10August26-aldan/index.html, /c:/Users/PC/OneDrive/Documents/GitHub/CodingCamp-10August26-aldan/css/style.css, /c:/Users/PC/OneDrive/Documents/GitHub/CodingCamp-10August26-aldan/js/script.js in 968e8fe8-fde4-46eb-919b-31ec23b2c23c","conversationId":"sess_d44ec850-c718-405e-8d54-157c4b469284","turnId":"968e8fe8-fde4-46eb-919b-31ec23b2c23c","rootTurnId":"968e8fe8-fde4-46eb-919b-31ec23b2c23c"}
{"timestamp":"2026-08-14T11:48:25.528Z","level":"info","message":"[q-developer-converse] Sending GenerateAssistantResponse modelId=auto agentMode=vibe origin=AI_EDITOR streaming=true conversationId=sess_d44ec850-c718-405e-8d54-157c4b469284","conversationId":"sess_d44ec850-c718-405e-8d54-157c4b469284","turnId":"968e8fe8-fde4-46eb-919b-31ec23b2c23c","rootTurnId":"968e8fe8-fde4-46eb-919b-31ec23b2c23c"}
{"timestamp":"2026-08-14T11:48:25.528Z","level":"info","message":"[q-developer-converse] Request payload: 168992 chars, 52 history messages, conversationId=sess_d44ec850-c718-405e-8d54-157c4b469284","conversationId":"sess_d44ec850-c718-405e-8d54-157c4b469284","turnId":"968e8fe8-fde4-46eb-919b-31ec23b2c23c","rootTurnId":"968e8fe8-fde4-46eb-919b-31ec23b2c23c"}
{"timestamp":"2026-08-14T11:48:25.603Z","level":"info","message":"fs.appendMessages.ok {\"system\":\"fs\",\"sessionId\":\"sess_d44ec850-c718-405e-8d54-157c4b469284\",\"messageCount\":2,\"durationMs\":91}","conversationId":"sess_d44ec850-c718-405e-8d54-157c4b469284","turnId":"968e8fe8-fde4-46eb-919b-31ec23b2c23c","rootTurnId":"968e8fe8-fde4-46eb-919b-31ec23b2c23c"}
{"timestamp":"2026-08-14T11:48:25.605Z","level":"info","message":"fs.appendMessages.ok {\"system\":\"fs\",\"sessionId\":\"sess_d44ec850-c718-405e-8d54-157c4b469284\",\"messageCount\":1,\"durationMs\":2}","conversationId":"sess_d44ec850-c718-405e-8d54-157c4b469284","turnId":"968e8fe8-fde4-46eb-919b-31ec23b2c23c","rootTurnId":"968e8fe8-fde4-46eb-919b-31ec23b2c23c"}
{"timestamp":"2026-08-14T11:48:29.056Z","level":"info","message":"[AgentIterator] Synchronizing results","conversationId":"sess_d44ec850-c718-405e-8d54-157c4b469284","turnId":"968e8fe8-fde4-46eb-919b-31ec23b2c23c","rootTurnId":"968e8fe8-fde4-46eb-919b-31ec23b2c23c"}
{"timestamp":"2026-08-14T11:48:29.056Z","level":"info","message":"[AgentIterator] Processing intent detection result","conversationId":"sess_d44ec850-c718-405e-8d54-157c4b469284","turnId":"968e8fe8-fde4-46eb-919b-31ec23b2c23c","rootTurnId":"968e8fe8-fde4-46eb-919b-31ec23b2c23c"}
{"timestamp":"2026-08-14T11:48:29.057Z","level":"info","message":"[ChatAgent] Processing model response stream","conversationId":"sess_d44ec850-c718-405e-8d54-157c4b469284","turnId":"968e8fe8-fde4-46eb-919b-31ec23b2c23c","rootTurnId":"968e8fe8-fde4-46eb-919b-31ec23b2c23c"}
{"timestamp":"2026-08-14T11:48:29.057Z","level":"info","message":"[Steering] Populating steering for execution 968e8fe8-fde4-46eb-919b-31ec23b2c23c","conversationId":"sess_d44ec850-c718-405e-8d54-157c4b469284","turnId":"968e8fe8-fde4-46eb-919b-31ec23b2c23c","rootTurnId":"968e8fe8-fde4-46eb-919b-31ec23b2c23c"}
{"timestamp":"2026-08-14T11:48:29.057Z","level":"info","message":"[Steering] ExistingFiles: /c:/Users/PC/OneDrive/Documents/GitHub/CodingCamp-10August26-aldan/index.html, /c:/Users/PC/OneDrive/Documents/GitHub/CodingCamp-10August26-aldan/style.css, /c:/Users/PC/OneDrive/Documents/GitHub/CodingCamp-10August26-aldan/script.js, /c:/Users/PC/OneDrive/Documents/GitHub/CodingCamp-10August26-aldan/index.html, /c:/Users/PC/OneDrive/Documents/GitHub/CodingCamp-10August26-aldan/css/style.css, /c:/Users/PC/OneDrive/Documents/GitHub/CodingCamp-10August26-aldan/js/script.js in 968e8fe8-fde4-46eb-919b-31ec23b2c23c","conversationId":"sess_d44ec850-c718-405e-8d54-157c4b469284","turnId":"968e8fe8-fde4-46eb-919b-31ec23b2c23c","rootTurnId":"968e8fe8-fde4-46eb-919b-31ec23b2c23c"}
{"timestamp":"2026-08-14T11:48:35.177Z","level":"info","message":"[ACPEventAdapter] Execution succeeded {\"executionId\":\"968e8fe8-fde4-46eb-919b-31ec23b2c23c\"}","conversationId":"sess_d44ec850-c718-405e-8d54-157c4b469284","turnId":"968e8fe8-fde4-46eb-919b-31ec23b2c23c","rootTurnId":"968e8fe8-fde4-46eb-919b-31ec23b2c23c"}
{"timestamp":"2026-08-14T11:48:35.181Z","level":"info","message":"fs.appendMessages.ok {\"system\":\"fs\",\"sessionId\":\"sess_d44ec850-c718-405e-8d54-157c4b469284\",\"messageCount\":1,\"durationMs\":9}","conversationId":"sess_d44ec850-c718-405e-8d54-157c4b469284","turnId":"968e8fe8-fde4-46eb-919b-31ec23b2c23c","rootTurnId":"968e8fe8-fde4-46eb-919b-31ec23b2c23c"}
{"timestamp":"2026-08-14T11:48:35.183Z","level":"info","message":"fs.appendMessages.ok {\"system\":\"fs\",\"sessionId\":\"sess_d44ec850-c718-405e-8d54-157c4b469284\",\"messageCount\":1,\"durationMs\":2}","conversationId":"sess_d44ec850-c718-405e-8d54-157c4b469284","turnId":"968e8fe8-fde4-46eb-919b-31ec23b2c23c","rootTurnId":"968e8fe8-fde4-46eb-919b-31ec23b2c23c"}
{"timestamp":"2026-08-14T11:48:35.186Z","level":"info","message":"fs.appendMessages.ok {\"system\":\"fs\",\"sessionId\":\"sess_d44ec850-c718-405e-8d54-157c4b469284\",\"messageCount\":3,\"durationMs\":2}","conversationId":"sess_d44ec850-c718-405e-8d54-157c4b469284","turnId":"968e8fe8-fde4-46eb-919b-31ec23b2c23c","rootTurnId":"968e8fe8-fde4-46eb-919b-31ec23b2c23c"}
{"timestamp":"2026-08-14T11:48:35.186Z","level":"info","message":"[agent-controller] Progressing model queue {\"activeExecution\":false,\"queueSize\":0}","conversationId":"sess_d44ec850-c718-405e-8d54-157c4b469284","turnId":"968e8fe8-fde4-46eb-919b-31ec23b2c23c","rootTurnId":"968e8fe8-fde4-46eb-919b-31ec23b2c23c"}
{"timestamp":"2026-08-14T11:48:35.191Z","level":"info","message":"[SessionPersistence] Updated metadata for session sess_d44ec850-c718-405e-8d54-157c4b469284","conversationId":"sess_d44ec850-c718-405e-8d54-157c4b469284","turnId":"968e8fe8-fde4-46eb-919b-31ec23b2c23c","rootTurnId":"968e8fe8-fde4-46eb-919b-31ec23b2c23c"}
{"timestamp":"2026-08-14T11:49:36.352Z","level":"info","message":"network.listAvailableModels.ok {\"system\":\"network\",\"durationMs\":1536}"}
{"timestamp":"2026-08-14T11:49:36.352Z","level":"info","message":"[ACPModelConfigProvider] Loaded 9 models"}
{"timestamp":"2026-08-14T11:54:37.604Z","level":"info","message":"network.listAvailableModels.ok {\"system\":\"network\",\"durationMs\":1245}"}
{"timestamp":"2026-08-14T11:54:37.604Z","level":"info","message":"[ACPModelConfigProvider] Loaded 9 models"}
{"timestamp":"2026-08-14T11:59:39.118Z","level":"info","message":"network.listAvailableModels.ok {\"system\":\"network\",\"durationMs\":1502}"}
{"timestamp":"2026-08-14T11:59:39.118Z","level":"info","message":"[ACPModelConfigProvider] Loaded 9 models"}
{"timestamp":"2026-08-14T12:04:41.607Z","level":"info","message":"network.listAvailableModels.ok {\"system\":\"network\",\"durationMs\":2473}"}
{"timestamp":"2026-08-14T12:04:41.607Z","level":"info","message":"[ACPModelConfigProvider] Loaded 9 models"}
{"timestamp":"2026-08-14T12:06:52.707Z","level":"info","message":"fs.powers.scan.ok {\"system\":\"fs\",\"baseCount\":2,\"trigger\":\"read\",\"durationMs\":1}"}
{"timestamp":"2026-08-14T12:09:43.212Z","level":"info","message":"network.listAvailableModels.ok {\"system\":\"network\",\"durationMs\":1600}"}
{"timestamp":"2026-08-14T12:09:43.212Z","level":"info","message":"[ACPModelConfigProvider] Loaded 9 models"}
{"timestamp":"2026-08-14T12:09:44.318Z","level":"info","message":"[KiroAgent] _kiro/mcp/toggle: enabled=true"}
{"timestamp":"2026-08-14T12:14:44.367Z","level":"info","message":"network.listAvailableModels.ok {\"system\":\"network\",\"durationMs\":1151}"}
{"timestamp":"2026-08-14T12:14:44.367Z","level":"info","message":"[ACPModelConfigProvider] Loaded 9 models"}
